"","MFCC.Overall.Standard.Deviation0","MFCC.Overall.Standard.Deviation1","MFCC.Overall.Standard.Deviation2","MFCC.Overall.Standard.Deviation3","MFCC.Overall.Standard.Deviation4","MFCC.Overall.Standard.Deviation5","MFCC.Overall.Standard.Deviation6","MFCC.Overall.Standard.Deviation7","MFCC.Overall.Standard.Deviation8","MFCC.Overall.Standard.Deviation9","MFCC.Overall.Standard.Deviation10","MFCC.Overall.Standard.Deviation11","MFCC.Overall.Standard.Deviation12","MFCC.Overall.Average0","MFCC.Overall.Average1","MFCC.Overall.Average2","MFCC.Overall.Average3","MFCC.Overall.Average4","MFCC.Overall.Average5","MFCC.Overall.Average6","MFCC.Overall.Average7","MFCC.Overall.Average8","MFCC.Overall.Average9","MFCC.Overall.Average10","MFCC.Overall.Average11","MFCC.Overall.Average12","CLASS"
"1",5.974,1.244,2.258,2.605,1.447,1.469,1.756,1.779,1.76,1.156,1.092,1.311,0.8851,-220.8,17.3,-2.4,-3.418,6.279,3.461,-2.521,5.159,-3.07,1.002,-0.1257,1.392,-1.114,1
"2",16.21,2.199,3.601,3.557,2.432,1.797,2.195,2.379,1.799,1.872,1.192,1.631,0.8699,-224.5,19.75,2.966,1.946,4.504,2.799,-0.6769,1.453,-0.4166,0.4378,-0.6838,-0.3201,-0.535,1
"3",12.39,1.538,2.274,2.538,1.753,1.496,1.835,1.672,1.86,1.164,1.255,1.278,0.9757,-244.6,16.29,0.3945,-0.08633,8.268,4.547,-3.002,1.241,0.9234,2.554,-2.711,0.8479,-0.204,1
"4",13.73,1.794,3.136,3.024,2.637,1.927,2.341,2.096,1.991,1.418,1.477,1.536,0.9994,-235.6,19.37,4.08,2.653,4.022,3.245,1.2,1.477,-0.1996,-0.4079,0.01892,0.8412,-0.8236,1
"5",13.25,1.667,2.926,3.129,2.607,2.209,2.138,2.394,1.937,1.438,1.626,1.461,0.956,-231.5,19.01,4.105,2.872,3.272,2.55,0.7513,0.6311,1.07,0.332,-0.3975,0.3608,-0.5519,1
"6",10.08,2.255,2.824,2.682,2.454,2.173,1.618,2.215,1.392,1.231,1.276,1.539,0.9536,-211,17.68,1.007,1.803,7.845,5.648,-2.444,0.9393,0.8886,2.008,-2.758,1.727,-0.7071,1
"7",15.03,1.596,2.853,2.727,2.369,1.794,2.212,1.91,1.786,1.269,1.492,1.305,0.8774,-231.6,20.42,7.468,6.079,2.592,2.852,2.35,-1.009,1.963,-0.404,-0.4674,0.3288,-0.5184,0
"8",7.613,1.548,1.937,2.145,2.035,1.842,1.649,1.696,1.576,1.286,1.253,1.42,1.009,-226.1,15.63,-2.78,-3.575,8.549,4.937,-3.763,3.731,-2.608,1.482,-1.248,2.507,-1.182,1
"9",11.22,2.017,2.369,2.439,2.084,1.634,1.68,1.637,1.339,1.287,1.282,1.318,0.8873,-225.3,15.02,-4.495,-4.456,9.763,5.776,-5.638,4.432,-1.969,2.672,-2.851,1.717,-0.6947,0
"10",16.06,2.15,3.322,3.382,2.605,1.675,2.726,1.884,1.875,1.72,1.645,1.335,0.9305,-231.3,18.14,0.6108,-0.249,5.919,3.222,-2.32,2.318,-0.714,1.535,-1.232,0.1908,-0.3345,1
"11",16.18,1.443,2.67,2.836,2.06,1.809,2.253,1.86,2.011,1.304,1.356,1.372,0.8641,-233.3,19.97,4.64,3.659,3.81,3.048,0.5872,0.5888,0.8424,0.3822,-0.2958,0.377,-0.4269,0
"12",13.12,1.365,2.627,2.657,2.016,1.638,2.087,1.959,1.906,1.295,1.305,1.226,0.8455,-223,19.28,3.185,2.728,4.973,4.275,0.6169,1.51,0.3169,0.03926,-1.221,0.9508,-0.7897,0
"13",7.104,1.563,2.268,2.593,1.79,1.71,1.832,1.709,1.705,1.238,1.176,1.338,1.005,-229.9,16.63,-2.185,-3.028,7.2,3.701,-4.018,3.131,-2.756,1.127,-1.42,1.157,-0.35,1
"14",17.77,2.483,3.649,3.638,2.948,2.193,2.498,2.38,2.206,1.322,1.532,1.829,0.9579,-212.4,18.22,2.232,2.007,5.379,4.098,-0.9146,0.6111,0.8796,1.146,-1.361,1.455,-0.5943,1
"15",7.095,1.776,2.544,2.838,1.693,1.541,1.577,1.977,1.533,1.245,1.082,1.35,0.9222,-218.8,15.95,-3.016,-2.894,9.686,6.278,-4.136,4.068,-1.866,1.912,-2.517,2.307,-0.9181,1
"16",11.64,1.186,2.403,2.363,1.951,1.531,1.877,1.9,1.742,1.202,1.278,1.277,0.8345,-213.2,21,7.253,6.663,3.027,3.807,2.949,-1.273,1.715,-1.19,-0.7599,1.03,-0.5627,0
"17",11.7,1.708,2.692,2.873,2.341,1.803,2.165,1.864,1.779,1.487,1.232,1.517,0.9209,-237.9,18.55,1.962,0.5155,4.259,2.634,-0.4521,1.906,-1.079,-0.09116,-0.06863,0.5811,-0.4941,1
"18",12.21,1.822,2.78,2.81,2.326,1.723,2.128,2.136,1.993,1.454,1.3,1.345,0.889,-227.4,18.21,4.257,4.1,6.237,4.86,-0.9138,-1.204,2.745,1.678,-2.353,1.299,-0.5937,1
"19",14.47,1.578,3.333,3.375,2.061,1.666,2.211,2.413,2.15,1.381,1.226,1.39,0.8968,-223.8,20.06,5.197,3.727,1.579,2.234,2.539,1.027,0.4075,-1.106,0.4557,0.4802,-0.7457,0
"20",13.73,1.694,2.646,2.669,2.385,1.59,2.219,1.804,1.664,1.596,1.415,1.311,0.8807,-232.2,19.31,2.617,1.506,4.457,2.903,-0.4362,1.695,-0.2961,0.4067,-0.6835,0.3609,-0.1951,1
"21",12.58,1.646,2.821,2.655,2.372,1.809,1.842,2.113,1.606,1.278,1.396,1.289,0.9588,-230.3,19.96,6.157,5.182,3.285,2.91,0.8636,-1.026,1.787,0.2249,-0.9888,0.1996,-0.3378,1
"22",17.11,1.705,2.643,2.829,2.134,1.747,1.92,1.999,2.112,1.383,1.264,1.439,0.954,-230.7,18.98,1.894,-0.1185,2.755,1.369,-0.2254,2.598,-1.633,-0.2597,0.7716,0.0009184,-0.3944,1
"23",15.31,1.881,2.324,2.489,2.446,1.893,1.739,1.891,1.836,1.377,1.453,1.34,0.9445,-246.2,17.93,2.171,0.5535,4.439,2.786,0.3894,2.155,-0.7036,-0.2478,0.09204,0.7503,-0.4226,1
"24",31.34,2.161,2.677,2.638,2.435,1.534,2.386,1.812,1.593,1.655,1.498,1.578,1.112,-212.7,18.88,1.818,0.9612,5.172,3.165,-1.535,1.89,-0.4437,0.9977,-1.061,-0.1609,-0.6358,1
"25",10.35,1.511,2.512,2.402,2.369,2.013,1.823,1.985,1.756,1.225,1.408,1.472,0.8713,-215.1,19.85,4.562,4.256,4.784,4.25,0.5525,-0.3533,1.054,-0.1814,-1.836,0.9543,-0.3282,0
"26",12.52,1.551,2.42,2.477,2.25,1.806,1.75,1.765,1.552,1.156,1.164,1.338,0.8693,-227.8,18.89,1.808,1.517,6.255,3.797,-2.16,1.369,-0.2463,1.377,-1.334,0.7189,-0.5202,1
"27",17.87,1.466,2.688,2.727,3.534,3.412,2.125,2.135,2.07,1.377,2.031,2.01,1.085,-217.8,20.05,4.842,3.633,2.926,2.593,1.34,0.7264,0.6049,-0.07834,0.2553,0.491,-0.7052,0
"28",14.2,1.376,2.518,2.608,1.986,1.77,1.788,2.116,1.764,1.189,1.204,1.443,0.864,-217.1,19.44,3.273,2.699,4.481,4.037,0.7784,1.337,0.04803,-0.3674,-0.664,1.305,-0.8657,0
"29",16.37,1.2,2.043,2.173,1.824,1.6,1.858,1.71,1.721,1.234,1.29,1.254,0.8472,-229,20.18,5.351,4.391,3.236,3.376,2.082,0.756,0.9214,-0.4049,-0.1334,0.609,-0.8221,0
"30",17.24,1.748,2.683,2.966,2.705,2.373,2.19,2.119,2.047,1.408,1.588,1.782,0.9117,-224.9,18.99,2.417,1.176,3.934,2.332,-0.9761,1.276,-0.5464,0.488,-0.581,0.02903,-0.5744,1
"31",14.07,1.986,3.549,3.591,2.524,1.888,2.334,2.429,2.04,1.469,1.412,1.484,0.9519,-208.1,18.43,0.02311,-0.2611,6.695,4.224,-2.59,2.858,-1.132,1.696,-1.402,1.057,-0.6116,1
"32",8.441,1.65,2.783,2.839,1.973,1.702,1.804,2.144,1.798,1.187,1.162,1.284,0.9017,-219.1,18.73,1.447,0.9471,5.35,4.331,-0.4564,2.463,-0.7116,-0.2433,-1.356,0.8342,-0.7272,0
"33",18.6,1.597,2.582,2.91,1.966,1.74,2.264,2.137,2.513,1.412,1.468,1.438,0.9409,-218.1,16.8,-2.082,-2.615,6.922,4.068,-3.385,3.896,-1.654,1.897,-1.282,1.342,-0.4161,1
"34",10.44,1.116,1.905,1.882,2.212,2.079,1.634,1.755,1.676,1.276,1.404,1.564,0.9437,-212.8,20.69,5.455,4.539,3.215,3.307,1.626,-0.128,0.1957,-1.104,-0.184,1.07,-0.5335,1
"35",8.097,1.282,1.691,1.831,1.789,1.48,1.65,1.401,1.387,1.179,1.184,1.223,0.7736,-235.8,17.83,0.8615,0.5413,7.864,5.158,-2.411,1.444,-0.3608,1.646,-2.361,1.561,-0.1783,0
"36",15.93,2.062,3.493,3.53,2.726,1.926,2.647,2.357,2.017,1.668,1.489,1.541,0.8751,-204.6,17.61,-0.9018,-0.7411,8.414,5.324,-4.072,2.689,-1.1,2.642,-2.359,1.557,-0.5575,1
"37",11.02,1.473,2.945,2.864,2.37,1.787,2.366,2.246,1.969,1.547,1.425,1.48,0.9381,-226.4,18.7,2.584,2.021,5.115,4.223,0.298,2.134,0.5421,0.6152,-1.048,0.7043,-0.9812,1
"38",14.57,1.62,3.159,3.073,2.418,1.931,2.035,2.498,1.939,1.333,1.445,1.438,0.9197,-219.3,19.64,4.538,4.028,4.125,3.341,-0.2005,-0.4173,1.043,0.6389,-1.004,0.6576,-0.5326,0
"39",20.72,2.025,3.08,3.373,2.767,2.19,1.832,2.386,2.836,1.923,1.827,1.617,0.9997,-241,18.36,2.312,0.331,4.16,1.946,-0.6877,1.708,-0.7953,0.1425,-0.5011,-0.1018,0.03848,1
"40",11.37,1.628,2.573,2.698,2.044,1.552,1.763,1.862,1.635,1.233,1.199,1.371,0.888,-232.7,19.42,3.07,1.386,3.555,3.085,1.611,2.646,-1.643,-1.451,0.7475,1.4,-0.7966,1
"41",10.56,1.627,2.219,2.486,2.177,1.664,1.754,1.702,1.52,1.214,1.263,1.225,0.8875,-236.8,17.8,0.5512,-0.1023,6.73,4.351,-1.385,2.756,-0.8681,0.9112,-0.9953,1.067,-0.7029,1
"42",7.399,1.342,2.498,2.719,1.709,1.471,1.903,2.196,1.951,1.325,1.176,1.368,0.968,-210.5,17.67,-1.087,-1.015,7.333,4.846,-2.319,4.062,-1.612,1.477,-1.402,1.056,-2.189,1
"43",14.68,1.762,3.15,3.273,2.337,1.887,2.477,2.254,2.248,1.366,1.401,1.406,0.89,-222.2,18.9,3.411,3.394,5.71,4.501,-0.3875,0.2914,1.437,1.043,-1.604,0.9544,-0.6272,1
"44",5.951,1.961,2.268,2.556,1.709,1.614,1.614,1.579,1.352,1.222,1.189,1.262,0.8915,-236.8,16.19,-1.878,-1.79,8.922,4.823,-4.81,2.393,-0.7707,2.782,-2.412,0.8442,-0.3297,1
"45",15.68,2.235,4.124,3.971,2.821,1.935,2.444,2.682,2.154,1.408,1.5,1.365,0.8689,-206.5,19.06,1.801,1.514,5.351,3.96,-0.9191,2.011,-0.1195,0.8655,-1.224,0.8894,-0.3778,1
"46",14.26,1.885,3.895,3.564,2.7,1.964,2.596,2.676,2.123,1.606,1.445,1.469,1.053,-232.5,19.31,4.953,3.681,3.402,2.859,0.7716,0.1239,1.096,0.243,-0.5492,0.5667,-0.4433,1
"47",58.93,1.471,4.63,4.936,2.375,1.836,3.651,3.06,3.22,1.413,1.253,1.668,0.9538,-164.1,18.95,-0.05418,-2.481,3.149,0.7378,-2.053,4.495,-3.232,0.2857,0.8516,-0.9496,-0.2873,1
"48",8.69,1.392,2.152,2.386,1.716,1.536,1.817,1.817,1.92,1.193,1.288,1.417,0.9618,-218.5,17.77,-0.5723,-0.324,6.341,4.638,-1.942,3.549,0.2656,2.043,-1.543,0.03587,-1.904,1
"49",10.98,1.498,2.655,2.742,2.056,1.686,1.969,1.974,1.807,1.267,1.392,1.314,0.8277,-219.8,19.63,3.352,2.977,5.466,4.401,0.04718,0.955,0.3301,0.2394,-1.643,0.9439,-0.354,0
"50",13.36,1.588,2.513,2.535,2.016,1.765,1.899,1.892,2.05,1.207,1.274,1.417,0.9403,-228.6,19.12,5.898,4.658,2.393,3.144,2.718,-0.1821,2.041,-0.6287,0.007031,1.285,-0.8186,0
"51",11.45,1.92,2.954,3.14,2.399,2.23,1.965,2.138,1.795,1.308,1.431,1.557,1.078,-215.2,17.31,-1.673,-2.288,6.5,3.833,-2.903,3.957,-1.991,1.354,-1.32,0.9854,-0.5207,1
"52",9.267,2.037,3.204,3.542,1.912,1.742,2.116,2.175,2.144,1.166,1.151,1.482,0.9443,-221.1,15.58,-3.776,-4.249,8.81,5.553,-3.33,4.667,-2.667,1.574,-1.642,2.941,-0.9598,1
"53",7.221,1.532,2.344,2.406,1.805,1.525,1.788,1.74,1.654,1.26,1.276,1.282,0.903,-233.4,19.06,4.572,3.92,4.893,4.072,0.7597,-0.1991,0.8655,-0.1908,-1.013,1.45,-0.6194,0
"54",10.3,1.527,2.362,2.44,2.426,1.774,1.812,1.811,1.611,1.266,1.331,1.401,0.8465,-227,17.72,0.2352,0.4202,8.473,5.447,-2.859,1.961,-0.8127,1.695,-1.912,1.832,-0.736,1
"55",13.76,1.487,3.14,2.971,2.114,1.712,2.313,2.182,2.3,1.21,1.242,1.474,0.9404,-223.6,21.1,9.636,8.144,1.038,2.248,3.239,-2.829,3.048,-0.7916,-0.1233,0.4303,-0.2093,0
"56",14.73,1.455,2.309,2.45,2.269,1.742,1.809,2.047,1.861,1.442,1.433,1.355,0.8933,-234.1,18.1,1.112,0.3664,6.026,3.891,-1.392,2.037,-0.6125,0.892,-1.051,0.9748,-0.8847,1
"57",17.56,1.702,2.92,2.822,2.436,1.78,2.125,2.075,1.684,1.443,1.524,1.323,0.8802,-219.5,20.63,7.28,6.463,2.859,2.877,1.641,-1.623,2.719,0.2872,-1.21,0.06823,-0.3142,1
"58",9.473,1.353,2.189,2.378,1.818,1.512,1.855,1.688,1.671,1.269,1.153,1.228,0.8364,-234.6,18.1,1.086,0.5919,6.65,4.313,-1.775,2.048,-0.2838,1.267,-1.433,0.8288,-0.5884,1
"59",10.72,1.791,2.706,2.772,1.839,1.407,1.827,1.79,1.679,1.52,1.203,1.274,0.9059,-237.1,19.28,3.812,2.327,3.383,2.14,-0.139,0.9162,0.8809,0.9266,-0.8855,-0.3936,-0.06496,1
"60",9.994,1.611,2.769,2.913,1.964,1.746,2.164,1.774,1.862,1.348,1.279,1.359,0.9448,-246.9,18.65,3.635,2.29,4.168,3.251,1.04,1.84,0.9322,0.551,0.1779,0.7475,-0.4188,1
"61",13.45,1.13,2.436,2.49,2.006,1.638,2.173,1.841,2.282,1.25,1.369,1.279,0.92,-226.8,19.83,5.295,4.604,3.583,3.474,1.395,-0.0438,1.729,0.1988,-0.5102,0.7891,-0.5815,1
"62",16.29,1.872,3.084,3.009,2.394,1.869,2.188,2.013,1.909,1.336,1.294,1.454,0.938,-229.7,19.82,5.007,3.694,2.848,2.517,1.145,0.2779,0.4945,-0.3181,0.01009,0.4247,-0.6106,1
"63",7.63,1.278,2.329,2.54,1.685,1.46,1.902,1.801,1.655,1.294,1.265,1.307,0.8786,-218.7,17.82,-1.504,-2.072,6.673,3.487,-3.779,3.396,-2.153,1.748,-1.489,0.7475,-0.1501,1
"64",7.772,1.611,2.663,3.023,1.749,1.532,1.972,1.875,1.81,1.273,1.152,1.319,0.8715,-238.8,16.26,-1.371,-2.215,7.516,4.429,-2.406,3.21,-1.207,0.9552,-1.44,1.493,-0.4245,1
"65",7.378,1.406,2.226,2.361,1.854,1.698,1.825,1.934,1.868,1.255,1.349,1.472,1.061,-216.1,18.43,0.9564,0.9677,6.727,4.908,-1.371,2.239,-0.8997,0.7674,-1.718,0.9327,-1.76,1
"66",9.391,1.422,2.462,2.687,1.742,1.711,1.863,1.919,1.846,1.304,1.184,1.345,0.8726,-216,17.88,0.4296,0.4481,6.793,4.978,-2.018,2.242,0.3729,2.283,-1.714,1.688,-0.5931,1
"67",10.73,1.496,2.508,2.514,2.101,1.722,1.797,1.939,1.506,1.341,1.351,1.389,0.9529,-230.9,19.29,1.832,0.8897,4.973,2.928,-1.387,2.149,-0.9442,0.7997,-0.5982,0.1301,-0.4992,1
"68",18.54,1.554,3.409,3.611,2.328,2.165,2.357,2.458,2.483,1.249,1.43,1.635,0.9617,-228.6,19.94,4.446,2.374,1.346,1.186,1.54,1.926,0.1743,-0.2045,0.9601,-0.2938,-0.4194,0
"69",12.8,1.571,2.844,2.927,2.485,2.077,2.083,2.279,2.018,1.387,1.446,1.582,0.9018,-222.2,18.9,2.577,1.543,4.377,3.708,0.7573,2.212,-0.9066,-0.5496,-0.09047,1.256,-1.362,0
"70",11.52,1.115,2.215,2.23,1.787,1.512,1.937,1.786,1.716,1.236,1.3,1.231,0.8877,-214.2,21.17,8.42,7.838,2.372,3.268,2.968,-2.378,2.895,-0.5648,-0.6275,0.7208,-0.3901,0
"71",16.61,1.479,2.771,3.22,3.255,3.139,2.331,2.471,2.425,1.416,2.043,1.781,1.147,-214.5,18.93,2.488,1.861,4.56,3.767,0.2099,2.149,0.2844,0.4514,-0.5831,0.7675,-0.6054,0
"72",14.52,1.585,3.054,3.094,2.448,1.818,2.224,2.319,2.072,1.39,1.324,1.365,0.8945,-221.1,20.1,5.594,4.534,2.331,2.914,2.507,0.71,0.9791,-0.6958,0.3981,0.7907,-1.104,1
"73",13.88,2.166,2.382,2.295,2.773,2.089,1.704,1.646,1.459,1.306,1.345,1.608,0.8837,-221.4,16.64,-2.028,-2.044,8.729,4.956,-4.977,2.98,-1.548,2.638,-2.152,1.178,-0.5427,1
"74",10.12,1.686,2.787,2.924,2.135,1.592,2.085,2.004,1.864,1.225,1.273,1.367,0.88,-219.3,17.81,0.3061,0.2172,7.221,4.728,-2.726,1.982,0.1021,2.06,-2.57,1.167,-0.2046,1
"75",18.98,1.563,2.084,2.212,1.954,1.67,1.88,1.642,1.715,1.338,1.117,1.315,0.8911,-237.5,18.25,1.242,-0.1998,4.658,2.719,-0.9024,2.585,-0.9887,0.5923,0.1755,0.6534,-0.4443,1
"76",11.19,2.004,2.75,2.714,2.516,2.181,1.992,1.997,1.893,1.279,1.248,1.576,0.9872,-223.1,18.71,1.832,1.056,4.89,3.462,-0.5996,2.01,-0.9419,0.3608,-0.2741,0.8904,-0.9463,1
"77",16.03,1.673,2.81,2.895,2.366,1.87,1.972,2.317,1.835,1.4,1.332,1.45,0.9853,-232.2,19.03,2.955,1.541,3.546,2.53,0.4718,1.72,-0.5891,-0.2557,0.1714,0.6402,-0.6102,1
"78",17.25,1.725,2.851,3.099,2.016,1.686,2.045,2.238,2.557,1.352,1.305,1.389,0.9657,-216,16.54,-2.192,-2.443,7.663,4.763,-3.38,3.669,-1.911,1.838,-1.395,1.969,-0.9861,1
"79",10.4,1.508,2.089,2.203,2.09,1.604,1.608,1.748,1.512,1.293,1.299,1.268,0.9166,-247.8,18.74,3.657,2.348,4.594,3.057,0.3909,0.9963,0.02488,-0.07101,-0.3353,0.5991,-0.6472,1
"80",16.15,1.311,2.828,2.904,2.284,1.83,2.224,2.148,2.103,1.198,1.578,1.28,0.9292,-213.7,20.96,6.503,5.537,2.493,2.93,2.19,-0.558,1.314,-0.7504,-0.3768,0.4731,-0.4157,0
"81",16.97,1.559,3.115,3.261,2.294,1.808,2.414,2.411,2.191,1.513,1.378,1.429,0.8809,-226,19.93,5.141,4.165,3.468,3.034,0.9547,0.1403,1.053,0.04986,-0.688,0.2975,-0.4981,0
"82",11.69,1.984,1.886,1.905,3.333,2.778,1.632,1.645,1.463,1.394,1.477,1.888,0.9308,-236.9,17.5,-0.3081,-1.793,4.442,1.338,-2.934,2.96,-0.6613,2.024,-0.53,-0.9872,0.05083,1
"83",15.43,1.621,2.37,2.299,1.893,1.598,1.84,1.712,1.854,1.251,1.209,1.326,0.9174,-239.5,18.53,4.153,2.418,3.121,2.739,1.367,1.188,0.8289,-0.01388,0.3678,0.9575,-0.6837,1
"84",12.53,1.881,3.062,3.285,2.372,1.88,2.032,2.436,1.948,1.41,1.555,1.487,0.8826,-233.8,18.49,1.479,0.8401,5.33,3.097,-1.532,1.869,0.5294,1.389,-1.785,-0.2878,0.06423,1
"85",9.903,1.18,2.719,2.756,1.714,1.342,2.289,2.027,1.972,1.279,1.2,1.191,0.8774,-221,20.42,7.034,6.688,4.153,4.447,2.211,-1.492,2.65,-0.1695,-1.298,1.136,-0.4597,0
"86",15.19,1.75,3.318,3.214,2.249,1.696,2.143,2.386,1.931,1.3,1.28,1.372,0.9869,-229.4,19.76,4.01,2.654,3.053,2.475,0.7011,0.9303,-0.5824,-0.5739,0.2139,0.6468,-0.6076,0
"87",10.14,1.79,2.606,2.681,2.269,1.751,1.985,2.031,1.845,1.343,1.289,1.458,0.9251,-225.4,17.42,1.841,2.061,7.406,5.345,-2.055,0.0525,1.153,1.764,-2.506,1.857,-0.6993,1
"88",11.78,1.625,2.791,2.561,2.94,2.324,2.042,1.888,1.723,1.292,1.481,1.746,0.97,-220.1,20.43,4.485,3.469,4.337,3.265,-0.06117,0.11,-0.906,-0.4051,-0.335,0.6975,-0.6815,0
"89",10.07,2.066,2.752,2.653,2.231,1.814,1.503,1.975,1.407,1.235,1.114,1.506,0.9509,-217.9,16.86,-1.965,-1.388,9.562,5.608,-4.647,3.001,-0.9136,3.001,-3.212,1.452,-0.6361,1
"90",9.271,1.742,2.84,3.119,1.905,1.647,1.915,2.203,1.935,1.136,1.147,1.214,0.8867,-229.2,16.18,-1.017,-1.667,7.124,5.775,-0.7848,4.3,-0.3051,0.3827,-1.366,1.927,-0.9025,1
"91",12.35,1.287,2.753,2.776,2.128,1.71,2.07,2.035,1.835,1.313,1.311,1.307,0.8416,-221,20.78,5.341,4.499,3.89,3.463,1.083,0.2457,0.5483,-0.4748,-1.058,0.2644,-0.2244,0
"92",13.17,1.517,2.41,2.662,1.772,1.554,1.745,1.737,1.661,1.199,1.119,1.261,0.9622,-245.1,19.24,3.712,1.78,3.068,2.185,1.18,1.926,-0.4015,-0.3997,0.5517,0.1096,-0.64,1
"93",13.98,1.688,2.77,2.678,2.055,1.662,1.892,2.062,1.704,1.308,1.3,1.435,0.9378,-245.2,19.42,5.157,3.601,3.591,2.754,0.9229,0.1476,0.7369,-0.2353,-0.5411,0.256,-0.1686,0
"94",13.65,1.596,3.026,2.977,2.362,1.734,2.184,2.021,1.969,1.381,1.418,1.41,0.974,-239.8,19.3,3.672,1.689,2.363,1.744,1.03,1.905,-0.07711,-0.1554,0.6814,0.1263,-0.4199,0
"95",14.29,1.728,2.725,2.814,2.674,1.803,2.372,1.978,2.009,1.432,1.466,1.598,1.003,-224.3,18.92,2.454,2.092,6.108,3.954,-1.754,0.8143,0.3236,1.553,-1.704,0.7548,-0.5146,1
"96",11.12,1.653,2.704,2.84,2.021,1.531,1.864,2.14,1.951,1.462,1.223,1.427,1.027,-216.1,16.92,-2.004,-2.2,7.858,5.04,-2.897,4.199,-2.422,1.452,-1.256,1.931,-1.405,1
"97",14.03,1.466,2.707,2.635,2.128,1.657,2.004,1.932,1.762,1.299,1.282,1.341,0.888,-228.5,20.52,5.481,4.24,2.741,2.229,0.7706,-0.1243,0.6059,-0.08037,-0.2611,-0.01797,-0.3269,1
"98",15.57,2.348,3.604,3.284,3.486,2.371,2.939,1.931,2.004,1.793,1.704,1.758,1.071,-233,18.6,1.978,0.7833,4.884,3.157,-0.8032,2.123,-0.8274,0.4628,-0.5434,0.4311,-0.5279,1
"99",12.84,1.573,2.85,2.969,2.038,1.686,2.109,1.999,1.803,1.428,1.242,1.32,0.8569,-230.4,19.61,4.746,3.909,3.93,3.024,0.3726,-0.1515,0.6676,0.1477,-0.4466,0.8088,-0.6888,1
"100",8.227,1.495,2.069,2.283,1.772,1.629,1.602,1.813,1.549,1.327,1.223,1.304,0.982,-236.6,16.96,-1.562,-2.753,5.474,2.507,-3.129,3.632,-1.597,1.327,-1.261,-0.2659,-0.05252,1
"101",12.66,2,2.411,2.302,2.534,1.823,1.788,1.605,1.476,1.256,1.388,1.399,0.86,-228.2,18.57,3.14,2.733,5.898,4.558,-0.2889,0.5331,0.4944,0.4789,-1.144,1.445,-0.7151,1
"102",14.81,1.921,3.272,3.159,2.737,2.164,2.193,2.377,2.078,1.306,1.455,1.6,0.9692,-222.9,19.44,4.125,3.394,4.444,3.36,-0.1416,0.1198,0.653,0.3918,-1.146,0.4576,-0.4369,0
"103",10.31,1.853,2.29,2.345,2.174,1.775,1.663,1.769,1.464,1.216,1.395,1.414,0.9299,-228.2,16.87,-1.663,-2.278,7.198,4.408,-2.812,3.717,-2.22,1.031,-1.107,1.36,-1.136,1
"104",9.855,1.415,2.622,2.544,2.274,1.587,2.149,2.054,1.807,1.381,1.468,1.153,0.8391,-228.8,18.85,5.465,5.367,6.101,5.24,0.377,-1.265,2.661,0.9897,-2.675,1.07,-0.4279,1
"105",49.59,1.405,3.943,4.706,1.878,2.015,2.722,3.188,3.056,1.335,1.383,1.547,0.9191,-194,19.48,1.77,0.4471,4.079,2.118,-1.741,2.255,-1.408,0.7062,-0.2182,-0.3268,-0.3745,0
"106",10.4,1.754,2.576,2.794,2.204,1.727,2.101,1.955,1.812,1.397,1.227,1.401,0.9319,-228.9,17.2,-0.03886,-0.1311,8.377,5.073,-3.749,1.862,-0.135,2.523,-2.449,1.076,-0.484,0
"107",15.07,1.538,2.447,2.454,2.287,1.746,1.802,1.962,1.807,1.404,1.281,1.457,0.9364,-242.6,19.28,3.76,1.437,1.909,1.613,1.909,2.488,-0.8378,-1.132,1.106,0.2257,-0.453,1
"108",9.639,1.554,2.088,2.289,1.511,1.474,1.564,1.535,1.599,1.129,1.111,1.309,0.9179,-247,18.61,2.678,0.569,2.464,1.224,0.3027,1.887,-0.6074,-0.2625,0.4604,-0.1453,-0.2698,0
"109",16.41,1.171,2.573,2.616,2.031,1.672,2.36,1.853,1.914,1.283,1.43,1.314,0.8585,-221.2,21.3,7.333,6.282,2.298,2.716,2.535,-0.8402,1.402,-0.8161,-0.2827,0.01834,-0.6142,0
"110",11.45,1.779,2.371,2.338,2.594,1.857,1.858,1.681,1.526,1.381,1.39,1.442,0.8745,-234.7,17.85,1.269,0.5034,5.644,3.997,-0.6795,2.035,-0.2642,0.5734,-0.7039,1.479,-0.5106,1
"111",7.238,1.728,2.052,2.231,1.676,1.443,1.486,1.475,1.255,1.293,1.169,1.215,0.9211,-244.1,16.31,-1.453,-2.36,6.91,3.189,-3.778,2.504,-1.118,1.715,-1.557,0.2705,-0.1619,1
"112",11.79,1.728,2.962,3.187,2.806,2.288,2.16,2.271,1.781,1.47,1.435,1.656,0.9872,-228.3,18.33,0.7129,0.0815,6.325,3.549,-2.854,1.857,-0.9538,1.554,-1.511,0.4372,-0.2585,1
"113",10.62,1.593,2.681,2.908,1.878,1.544,1.937,2.036,1.86,1.244,1.137,1.29,0.8978,-225.4,16.49,-1.67,-1.893,7.594,5.031,-2.456,3.61,-1.048,1.68,-1.193,2.016,-0.9575,1
"114",14.62,1.52,2.553,2.529,2.429,1.809,1.928,1.865,1.606,1.374,1.391,1.433,0.9076,-239.5,19.56,3.918,1.918,2.259,1.895,1.651,2.059,-0.5495,-0.8706,0.7803,0.2441,-0.4287,1
"115",18.37,1.574,2.545,2.534,2.103,1.651,2.138,1.855,1.662,1.416,1.271,1.34,0.9545,-226.6,19.56,3.394,2.2,3.511,2.604,0.05454,1.24,-0.301,0.1766,0.05954,0.4837,-0.6859,1
"116",9.785,1.46,2.296,2.248,2.117,1.622,1.698,1.87,1.605,1.181,1.31,1.218,0.8807,-229.5,19.41,5.412,4.903,4.672,3.983,0.5156,-0.8955,1.924,0.5634,-1.48,0.8158,-0.364,1
"117",9.437,1.874,2.282,2.604,2.716,2.328,1.727,1.755,1.499,1.335,1.364,1.657,0.9293,-241.7,17.52,0.6777,-0.2953,6.77,3.678,-2.082,2.222,-0.3807,1.575,-1.243,0.5552,-0.283,1
"118",16.43,1.225,2.055,2.096,2.04,1.564,1.763,1.782,1.827,1.184,1.456,1.207,0.8655,-216.6,20.8,7.994,7.563,3.362,4.024,2.806,-2.23,2.963,-0.539,-1.209,0.9589,-0.432,0
"119",7.268,1.322,2.515,2.866,1.465,1.443,1.909,2.031,1.839,1.297,1.086,1.287,0.9983,-223.9,17.65,-0.9411,-1.793,5.478,3.201,-2.036,3.783,-1.822,1.024,-0.5274,1.005,-0.3572,1
"120",7.195,1.482,2.467,2.762,1.734,1.463,1.866,1.977,1.797,1.231,1.115,1.332,0.8833,-223.2,16.01,-2.47,-2.899,7.986,5.244,-2.403,4.277,-1.88,1.307,-1.456,2.197,-1.536,1
"121",8.397,1.605,2.687,3.096,1.629,1.58,2.205,1.909,1.854,1.338,1.16,1.295,1.01,-225.5,16.23,-2.243,-2.304,7.908,4.399,-4.45,2.789,-0.7176,2.818,-2.033,1.613,0.004605,1
"122",15.37,1.835,2.796,2.846,2.237,1.65,2.212,1.889,1.705,1.363,1.328,1.307,0.891,-229.1,19.17,3.313,2.382,4.448,3.024,-0.729,0.6687,0.4886,0.8218,-0.9776,0.2177,-0.4393,1
"123",8.372,1.56,2.486,2.508,1.74,1.377,1.621,2.136,1.48,1.415,1.204,1.318,0.9205,-230.7,18.62,2.728,2.468,5.738,4.026,-1.344,0.227,0.6852,1.183,-1.972,0.6931,-0.6349,1
"124",14.38,1.518,2.373,2.3,2.091,1.776,1.784,2.006,1.717,1.506,1.262,1.615,0.9628,-228.5,19.32,3.821,3.306,4.902,3.666,-0.5517,0.2905,0.9521,0.9102,-1.216,0.5216,-0.4511,1
"125",16.39,1.527,2.881,2.562,2.47,1.935,2.099,1.895,1.717,1.296,1.408,1.397,0.929,-227.1,20.7,6.489,4.944,1.62,2.286,2.675,0.3461,0.7723,-0.8945,0.5499,0.4277,-0.6271,0
"126",12.38,1.788,3.159,2.962,2.591,1.82,2.326,2.316,1.979,1.627,1.492,1.611,1.046,-224.1,19.66,4.292,3.551,4.231,3.304,0.0122,0.005215,0.3692,0.217,-0.7523,0.8372,-0.4998,1
"127",17.7,1.446,2.808,2.847,2.199,1.785,2.209,2.118,1.931,1.409,1.354,1.431,0.9335,-228.7,20,4.359,3.277,3.143,2.781,0.9622,0.9307,0.0454,-0.2483,0.2174,0.7206,-0.6302,0
"128",8.434,1.673,2.652,2.863,1.917,1.635,1.777,2.025,1.772,1.306,1.176,1.367,0.9516,-215.8,15.84,-4.102,-3.985,9.374,5.549,-4.644,5.008,-2.415,2.674,-1.849,2.174,-0.9742,1
"129",17.08,1.96,3.654,3.43,3.166,2.217,2.828,2.25,2.214,1.59,1.632,1.656,1.041,-225.3,19.69,3.876,2.583,3.503,2.316,-0.205,0.7604,0.007459,0.3489,-0.3807,-0.0001493,-0.5612,0
"130",13.03,1.54,2.6,2.715,2.242,1.862,2.003,1.856,1.853,1.318,1.324,1.529,1.041,-241,18.39,1.919,0.4024,4.093,2.425,-0.6769,1.829,-0.9423,0.2813,0.2173,0.7336,-0.544,1
"131",12.91,1.761,2.389,2.459,1.997,1.678,1.766,1.787,1.747,1.356,1.309,1.293,0.8696,-232.9,18.23,1.287,0.7998,6.39,3.975,-2.33,1.48,-0.2501,1.591,-1.609,0.7009,-0.3378,1
"132",10.85,1.616,3.231,2.898,2.236,1.565,2.127,2.314,1.885,1.328,1.304,1.39,0.9886,-228.6,20.03,8.147,7.282,3.454,3.839,2.169,-2.578,2.669,-0.4329,-1.305,1.079,-0.4727,1
"133",14.63,1.467,2.318,2.55,1.847,1.722,1.782,1.911,1.933,1.232,1.277,1.336,0.8713,-233.7,18.79,2.062,0.6285,3.715,2.163,-0.5789,1.972,-0.4308,0.4977,-0.3594,0.05671,-0.2645,1
"134",13.26,1.954,2.428,2.411,2.301,1.905,1.761,1.661,1.658,1.161,1.411,1.465,0.8599,-228.8,18.88,2.516,1.265,4.07,2.598,-0.6966,1.84,-0.181,0.3001,-0.8495,0.1284,-0.08152,1
"135",13.86,1.526,2.984,3.125,2.029,1.573,2.511,1.91,1.964,1.364,1.158,1.336,0.98,-236.2,19.1,2.981,1.561,4.223,2.793,-0.06001,1.488,-0.7029,-0.003227,-0.09285,0.5003,-0.7716,1
"136",16.06,1.367,2.753,2.865,2.286,1.791,2.348,2.087,1.944,1.351,1.388,1.372,0.8821,-222.7,19.67,4.338,3.701,4.268,4.093,1.59,0.9259,0.5827,-0.3455,-0.4288,1.299,-0.9827,0
"137",10.22,1.517,2.539,2.706,1.769,1.557,1.595,2.177,1.634,1.221,1.163,1.347,0.958,-231.7,18.07,1.205,0.1641,5.234,3.986,-0.3709,2.264,-1.772,-0.3814,0.1049,2.29,-1.059,1
"138",10.53,1.659,2.249,2.245,1.755,1.605,1.232,1.953,1.261,1.141,1.023,1.433,0.9053,-216.2,18.09,-1.203,-2.385,4.799,3.577,0.2539,6.453,-4.281,-1.443,1.303,1.651,-1.706,1
"139",10.04,1.063,1.931,1.959,1.553,1.447,1.79,1.657,1.745,1.179,1.201,1.276,0.9089,-231.6,20.44,6.49,5.071,1.945,2.533,2.409,-0.2418,0.9209,-0.9012,0.3023,0.8236,-0.5331,0
"140",16.35,1.693,2.79,2.862,2.208,1.731,2.222,1.962,1.941,1.297,1.337,1.364,0.9136,-235.2,20.07,6.279,4.376,2.078,2.081,1.97,0.01626,0.894,-0.6314,0.1118,0.1072,-0.4206,0
"141",13.87,1.522,2.892,2.91,2.178,1.727,2.252,2.173,2.019,1.367,1.32,1.324,0.8883,-221.6,18.98,1.911,1.383,5.187,4.009,-0.4755,2.205,-0.1968,0.4548,-0.9604,0.7886,-0.6777,0
"142",14.51,1.659,2.656,2.83,2.206,1.846,1.997,1.945,1.853,1.318,1.351,1.349,0.8989,-229.2,18.1,1.031,0.3831,6.152,3.799,-1.639,1.909,-0.4998,1.095,-1.204,1.107,-0.5902,1
"143",14.25,1.658,2.65,2.677,2.753,2.106,2.005,2.077,2.039,1.32,1.484,1.476,0.8854,-228.6,20.02,5.672,4.269,2.223,2.495,2.189,0.8727,1.632,-0.199,-0.07353,0.0833,-0.574,1
"144",12.32,1.752,2.789,3.006,1.71,1.574,1.953,2.093,1.927,1.263,1.123,1.346,0.8908,-230.3,17.97,1.691,-0.2241,3.1,3.112,1.511,3.524,-1.419,-1.429,0.8443,1.735,-0.8258,1
"145",13.67,1.655,3.214,3.28,2.225,1.808,2.164,2.19,1.918,1.313,1.287,1.451,0.9196,-239.6,19.34,3.799,1.895,2.977,1.974,0.8486,1.433,-0.5254,-0.5147,0.3759,0.08694,-0.6882,1
"146",10.78,1.977,2.677,2.734,1.909,1.634,1.642,2.046,1.871,1.252,1.18,1.42,0.9287,-247,18.11,4.495,2.727,3.579,2.757,0.9497,0.5603,1.593,0.3105,-0.789,0.3635,-0.1965,1
"147",8.838,1.879,2.384,2.269,2.128,1.839,1.617,1.658,1.358,1.215,1.284,1.447,0.9732,-222.6,15.73,-4.437,-4.751,8.011,3.704,-5.516,4.37,-3.604,1.873,-2.025,0.3223,-0.7886,1
"148",12.81,1.724,2.617,2.722,1.826,1.575,1.92,1.825,1.94,1.183,1.165,1.332,0.9305,-246.3,17.81,4.034,1.84,2.639,2.338,1.713,1.353,0.6874,-0.2836,0.6502,0.9409,-0.717,1
"149",11.55,1.471,2.453,2.604,1.966,1.642,2.086,1.904,1.877,1.406,1.203,1.386,0.9271,-236.8,18.61,2.999,2.209,5.197,4.011,0.2396,1.431,0.5632,0.6349,-0.4874,1.125,-0.8423,1
"150",10.56,1.578,2.367,2.452,1.9,1.629,1.643,2.017,1.666,1.305,1.229,1.295,0.8713,-229.4,18.53,2.95,2.436,5.5,4.253,-0.116,1.071,0.5104,0.4669,-1.066,1.239,-0.8197,1
"151",7.808,1.46,1.924,2.169,1.74,1.519,1.56,1.514,1.5,1.229,1.139,1.257,0.9122,-244.5,16.93,-0.3292,-1.399,6.22,3.206,-2.378,2.59,-0.7493,1.437,-0.8546,0.5442,-0.231,1
"152",15.38,1.67,3.255,3.392,2.039,1.784,2.236,2.192,2.181,1.325,1.28,1.503,0.9019,-220.6,19.45,2.229,1.302,4.145,3.023,0.03023,2.403,-0.603,0.3325,-0.5721,0.5065,-0.4131,1
"153",10.56,1.299,2.538,2.547,2.254,2.038,1.855,1.919,1.704,1.246,1.535,1.359,0.826,-214.1,20.66,5.233,4.836,4.217,3.727,0.5215,-0.1906,1.313,0.04984,-1.725,0.09214,-0.06668,0
"154",14.54,1.266,2.502,2.741,1.831,1.654,2.316,1.972,2.179,1.267,1.321,1.315,0.8499,-227,19.72,5.207,4.534,4.003,3.74,1.401,-0.0589,1.55,0.01204,-0.8713,0.8044,-0.6688,0
"155",11.34,1.746,2.972,3,2.459,1.987,2.026,2.092,1.903,1.349,1.232,1.608,0.931,-225.1,19.34,2.362,1.618,5.284,3.674,-0.8632,1.599,-1.148,0.2005,-0.4698,1.047,-0.4718,0
"156",10.63,1.617,2.14,2.235,1.967,1.635,1.59,1.626,1.557,1.359,1.293,1.341,0.9074,-234.3,17.2,-0.5276,-1.32,6.546,3.929,-2.313,2.822,-0.9568,1.386,-1.312,1.129,-0.4259,1
"157",16.39,2.013,3.035,2.974,2.881,1.936,2.519,1.821,1.959,1.618,1.535,1.529,0.9573,-231.3,19.14,2.334,0.9427,4.062,2.466,-0.6113,1.928,-1.101,0.2219,0.08679,0.4608,-0.4173,1
"158",13.58,1.81,2.874,3.092,2.225,1.9,1.838,2.509,1.875,1.252,1.255,1.694,0.9543,-228.4,16.49,-0.7823,-1.108,7.437,4.435,-3.511,2.078,-0.07585,2.198,-2.216,1.067,-0.367,1
"159",11.58,1.308,2.636,2.6,1.918,1.525,1.898,1.927,1.786,1.213,1.189,1.313,0.8624,-231.3,21.01,7.03,5.613,2.086,2.416,2.105,-0.7162,0.8421,-0.7508,0.1231,0.3385,-0.5017,1
"160",19.31,1.578,3.821,4.011,2.013,1.679,2.657,2.805,2.554,1.393,1.231,1.282,0.9345,-218.7,18.92,2.649,1.573,3.484,2.551,-0.06422,1.37,-0.03901,0.2522,-0.4849,0.4988,-0.5494,1
"161",20.91,1.965,3.609,3.468,3.06,2.109,2.879,2.35,2.334,1.611,1.59,1.531,0.9384,-218.6,19.24,4.119,3.634,4.551,3.797,0.1619,0.09685,1.277,0.531,-1.152,0.873,-0.5239,0
"162",13.14,1.52,2.299,2.346,2.167,1.746,1.939,1.777,1.78,1.356,1.445,1.282,0.9642,-238.3,18.9,2.841,1.679,4.396,2.945,-0.2536,1.504,0.2327,0.5539,-0.6854,0.2685,-0.2781,1
"163",13.9,1.197,2.502,2.494,1.886,1.521,2.049,1.989,1.812,1.302,1.252,1.281,0.8436,-225.3,20.97,7.339,6.32,2.538,3.31,3.307,-0.4774,1.535,-1.052,-0.221,0.4831,-0.8837,1
"164",15.35,2.445,3.429,3.613,2.836,2.338,2.329,2.313,2.232,1.291,1.417,1.972,1.067,-213.9,17.58,-0.5321,-1.006,6.731,4.145,-2.612,3.038,-1.044,1.559,-1.436,0.9815,-0.6057,1
"165",14.16,1.67,3.352,3.493,2.308,1.874,2.406,2.492,2.411,1.384,1.433,1.427,0.9683,-219.2,18.43,1.66,1.068,5.269,4.331,-0.09878,2.356,-0.2695,0.242,-0.6564,1.647,-0.7532,0
"166",14.07,1.511,2.488,2.615,2.243,1.732,2.114,1.857,1.715,1.449,1.368,1.422,0.9153,-234.1,18.52,1.032,-0.3702,4.668,2.423,-1.662,2.612,-1.591,0.4717,-0.1236,0.2391,-0.4465,1
"167",9.955,1.744,3.01,3.07,2.11,1.626,2.149,2.228,2.083,1.242,1.316,1.339,0.8586,-221.7,17.96,2.243,2.676,7.755,5.736,-1.722,0.1676,1.482,1.765,-3.199,1.543,-0.4167,1
"168",12.8,1.662,2.621,2.641,1.988,1.546,1.807,1.738,1.64,1.21,1.217,1.217,0.9309,-243.3,19.3,4.727,2.673,2.755,2.029,1.226,0.8985,0.1859,-0.3762,0.263,0.2317,-0.4377,1
"169",10.46,1.642,2.444,2.498,1.923,1.605,1.677,1.842,1.583,1.174,1.252,1.285,0.8985,-236.3,19.64,6.636,5.178,3.476,3.19,1.695,-0.8173,1.751,-0.04203,-0.6078,0.6124,-0.6337,1
"170",11.73,1.61,2.737,2.826,2.111,1.705,2.095,2.001,1.771,1.377,1.303,1.402,0.9471,-229.7,19.33,3.579,2.587,4.503,3.146,-0.531,0.5325,0.2698,0.6696,-0.7599,0.4255,-0.6299,1
"171",12.75,1.602,3.479,3.516,2.149,1.766,2.401,2.245,2.211,1.281,1.279,1.428,0.9031,-240,20.12,6.727,4.828,1.965,2.367,2.842,0.4555,1.539,-0.4755,0.1874,0.05072,-0.6459,0
"172",10.03,1.595,2.793,2.725,1.997,1.643,1.92,2.277,1.714,1.525,1.187,1.302,1.051,-213.7,19.4,3.853,3.942,5.543,4.512,-0.554,-0.06236,1.037,1.012,-1.188,1.298,-0.9136,1
"173",11.19,1.665,2.436,2.675,1.693,1.604,2.01,1.796,1.99,1.358,1.179,1.339,0.9994,-241.4,17.88,2.338,0.862,4.318,2.761,-0.3082,1.424,0.3874,0.5582,-0.7025,0.4893,-0.294,1
"174",16.15,1.857,2.81,2.786,2.334,1.514,2.508,1.728,1.645,1.63,1.422,1.3,0.8752,-220.6,20.22,5.436,4.766,4.116,3.301,0.2175,-0.5997,1.379,0.5061,-1.294,0.01832,-0.4495,1
"175",14.8,1.437,2.992,3.053,2.228,1.7,2.451,2.213,2.3,1.363,1.345,1.368,0.872,-224.6,19.17,3.186,2.648,5.075,4.201,0.3275,1.312,0.6086,0.5154,-0.7953,1.133,-0.8467,1
"176",12.08,1.719,3.502,3.2,2.404,1.699,2.248,2.611,1.897,1.513,1.371,1.535,1.039,-229.1,18.8,2.199,1.06,3.848,3.073,0.3021,2.732,-0.5279,0.04897,-0.4308,0.4389,-0.7434,1
"177",7.457,1.398,2.644,2.795,1.592,1.408,1.831,2.108,1.82,1.221,1.209,1.285,0.9412,-219.8,19.52,4.042,3.509,4.19,3.449,0.2219,-0.272,-0.1017,-0.3156,-0.5466,1.631,-0.3118,1
"178",20.4,1.834,3.758,3.628,2.695,1.96,2.565,2.627,2.246,1.52,1.386,1.59,0.9428,-220,19.51,3.334,2.318,3.548,2.652,-0.1344,1.129,-0.01547,0.3547,-0.381,0.3983,-0.552,0
"179",12.4,1.357,2.682,2.778,2.103,1.734,2.031,2.333,1.993,1.304,1.277,1.33,0.8312,-222.9,19.85,4.855,4.325,4.072,4.229,1.977,0.7042,1.314,-0.4676,-0.7127,0.9731,-0.8328,0
"180",15.58,1.701,3.092,3.11,2.369,1.696,2.158,2.252,1.994,1.399,1.329,1.421,0.9917,-235.2,19.11,2.824,1.064,3.172,2.265,0.7443,2.235,-1.224,-0.5854,0.6493,0.6555,-0.7935,1
"181",18.05,1.923,3.846,3.976,2.486,1.85,3.034,2.331,2.428,1.563,1.436,1.376,0.9418,-228.9,18.68,1.589,0.5707,4.983,2.981,-1.34,2.1,-0.5049,1.012,-0.7209,0.3139,-0.3792,0
"182",7.557,1.502,2.493,2.663,1.852,1.534,1.807,2.084,1.725,1.299,1.193,1.312,0.9469,-224.4,17.4,-0.8262,-1.063,7.131,4.539,-2.789,3.151,-0.8263,1.821,-1.895,0.9743,-0.4831,1
"183",9.828,1.429,2.388,2.478,2.135,1.689,1.779,1.892,1.714,1.238,1.214,1.366,1.017,-216.4,18.28,0.1214,-0.1791,6.361,3.977,-1.893,3.165,-1.44,1.246,-0.7587,1.092,-1.518,1
"184",12.72,1.434,2.385,2.742,2.075,1.93,1.724,2.029,1.782,1.291,1.377,1.38,0.9384,-224.9,17.74,-1.038,-1.882,6.567,4.287,-1.889,4.286,-2.53,0.3053,-1.041,1.18,-0.5417,0
"185",27.81,1.344,3.461,3.788,2.327,2.312,2.641,2.577,2.661,1.232,1.434,1.649,0.913,-197.5,19.89,3.327,2.01,2.289,2.115,1.096,2.273,-0.3899,-0.2177,0.517,0.2088,-0.7016,0
"186",18.38,1.76,2.994,3.564,3.227,2.504,1.961,3.617,2.648,1.779,2.044,1.868,1.026,-236.2,17.99,0.8824,-1.442,2.375,1.315,0.4753,4.218,-1.995,-0.7124,1.168,-0.1384,-0.585,1
"187",13.86,1.682,2.3,2.154,2.553,1.807,1.992,1.681,1.611,1.36,1.558,1.34,0.9129,-230.4,19.06,3.187,2.429,4.673,3.35,-0.3942,0.9819,0.3062,0.6412,-0.817,0.5598,-0.5945,1
"188",12.48,1.782,2.861,3.011,1.901,1.551,1.924,2.137,1.712,1.343,1.245,1.346,0.8849,-234.8,18.84,3.79,2.539,4.28,3.035,-0.05906,0.2939,0.2944,0.2543,-0.5176,0.7353,-0.5676,1
"189",14.57,1.588,2.686,2.756,2.309,1.742,2.074,1.843,1.864,1.301,1.282,1.472,0.9299,-231.9,19.53,3.47,1.912,3.257,2.101,0.1025,1.223,-0.4885,-0.06857,0.1075,0.125,-0.5642,0
"190",8.022,1.571,2.265,2.401,1.699,1.462,1.72,1.773,1.678,1.317,1.232,1.182,0.8614,-238.3,18.43,4.251,3.559,5.035,4.161,0.5992,0.02398,1.835,0.6057,-1.402,1.014,-0.554,1
"191",15.34,1.64,2.841,2.899,2.083,1.684,2.285,1.865,1.935,1.469,1.28,1.379,0.9368,-233.3,19.14,2.894,1.248,2.707,1.912,0.4859,1.925,-0.6711,-0.2463,0.3667,0.2943,-0.5616,1
"192",15.67,2.263,3.045,2.89,3.108,2.419,2.029,1.955,1.609,1.637,1.524,1.921,0.9854,-216.6,17.77,-0.9105,-1.993,6.224,3.609,-2.575,3.645,-2.165,1.466,-0.4029,1.263,-0.919,1
"193",13,1.366,2.536,2.602,2.104,1.82,1.894,2.1,1.858,1.201,1.377,1.425,0.8722,-216.9,20.23,5.458,4.476,2.765,3.367,2.388,0.5639,1.152,-0.9943,-0.461,0.7432,-0.5962,0
"194",28.92,1.873,2.237,2.209,2.96,2.131,2.105,1.782,1.831,1.748,1.666,1.718,1.002,-210.9,18.57,0.05083,-1.534,4.71,2.258,-1.989,3.634,-2.632,0.5659,0.2754,0.07875,-0.8769,1
"195",9.935,1.124,2.158,2.145,1.733,1.459,1.806,1.801,1.711,1.144,1.218,1.254,0.8622,-217.3,21.44,8.958,7.858,1.259,2.824,4,-1.822,2.555,-1.369,-0.02208,0.6593,-0.3573,0
"196",13.46,1.154,2.319,2.246,1.9,1.535,1.969,1.748,1.703,1.238,1.337,1.22,0.8855,-223,20.92,7.85,6.902,2.419,3.482,3.755,-0.7577,1.862,-1.1,-0.205,0.7109,-1.019,0
"197",13.46,2.004,2.921,2.896,2.529,1.856,2.036,1.952,1.703,1.398,1.373,1.403,0.9048,-229,18.74,1.767,1.215,5.777,3.452,-2.047,1.487,-0.2641,1.327,-1.104,0.5636,-0.4816,1
"198",9.916,1.468,2.579,2.819,1.794,1.53,1.87,1.914,1.609,1.272,1.179,1.31,0.8731,-223,17.95,-0.4865,-1.418,5.996,3.59,-2.013,3.436,-2.228,0.8157,-0.5642,1.208,-0.8898,1
"199",19.65,1.368,3.444,3.683,1.642,1.598,2.604,2.277,2.628,1.255,1.134,1.29,0.8591,-235.1,18.89,2.39,0.9599,3.789,2.33,-0.3462,2.013,-0.2613,0.4754,-0.121,0.1481,-0.3424,0
"200",10.14,2.004,3.092,3.332,2.248,1.739,1.943,2.038,2.006,1.143,1.174,1.404,0.9493,-224.3,16.46,-2.16,-3.118,7.144,4.281,-2.188,4.432,-2.99,0.6092,-0.2632,2.418,-1.318,1
"201",7.536,1.568,2.055,2.247,1.641,1.496,1.504,1.637,1.445,1.31,1.153,1.349,0.9634,-228.2,17.43,-1.042,-3.589,3.335,2.668,1.213,6.751,-4.599,-2.172,2.423,2.137,-1.058,1
"202",10.85,2.237,2.927,2.917,2.596,1.842,2.105,1.85,1.685,1.407,1.329,1.528,0.8878,-225.5,17.62,0.6841,0.6861,7.851,4.877,-3.107,1.194,0.135,2.286,-2.175,1.371,-0.5057,1
"203",15.4,2.083,3.66,3.477,3.23,2.151,2.888,2.423,2.298,1.665,1.61,1.697,1.051,-227.4,18.1,1.652,1.349,6.598,4.787,-1.137,1.982,0.06207,1.295,-1.229,1.406,-0.8742,1
"204",19.32,1.428,2.452,2.411,2.558,2.039,2.011,2.079,1.969,1.246,1.695,1.379,0.9019,-214.2,20.39,6.512,5.979,3.511,3.855,1.905,-1.117,2.196,-0.2237,-0.8384,1.068,-0.5061,0
"205",7.936,1.538,2.385,2.356,1.778,1.386,1.846,1.737,1.699,1.167,1.173,1.194,0.9043,-235.2,19.1,5.004,4.228,4.145,3.546,0.4853,-0.5343,1.809,0.561,-1.22,0.7565,-0.4741,1
"206",10.48,1.342,2.67,2.512,2.094,1.688,1.994,1.903,1.681,1.302,1.244,1.386,0.8913,-230.6,20.11,5.495,4.668,3.763,3.756,1.776,0.2761,1.082,-0.2395,-0.4405,1.001,-0.6496,1
"207",6.731,1.663,2.544,2.7,1.512,1.381,1.636,2.102,1.562,1.193,1.174,1.123,0.8607,-219,17.61,0.9808,0.03414,4.481,4.756,1.059,4.051,-0.1033,-1.279,-1.586,0.8286,-0.7815,1
"208",19.27,1.712,3.385,3.383,2.408,1.763,2.496,2.388,2.3,1.461,1.456,1.334,0.9196,-222.9,19.37,4.025,3.141,4.001,3.148,0.09576,0.3679,0.516,0.3235,-0.7581,0.5592,-0.6407,0
"209",11.57,1.832,2.698,2.787,2.23,1.697,1.903,1.892,1.694,1.344,1.243,1.49,0.976,-239.9,18.96,2.852,0.8977,3.213,2.091,0.7138,2.166,-1.083,-0.7079,0.6971,0.61,-0.3992,1
"210",10.42,1.705,2.905,2.978,1.78,1.634,1.728,2.383,1.699,1.266,1.263,1.299,0.8941,-216,18.92,2.113,1.105,4.234,3.894,0.4191,2.522,-0.9078,-1.008,-0.9472,1.024,-0.7082,0
"211",20.11,1.484,2.761,2.858,2.476,2.231,2.247,2.199,2.302,1.415,1.472,1.698,0.9853,-221.1,19.91,5.275,3.945,2.376,2.392,1.505,0.2706,0.8684,-0.2266,0.2275,0.5217,-0.6629,0
"212",9.547,1.868,3.07,3.156,1.8,1.577,1.641,2.397,1.639,1.195,1.2,1.233,0.9164,-218.4,19.16,1.621,0.2444,3.168,2.648,0.2576,3.16,-1.72,-1.201,-0.2707,0.1167,-0.4699,0
"213",13.91,1.536,2.558,2.722,1.984,1.647,2.071,1.849,1.897,1.283,1.372,1.22,0.9214,-236,18.09,3.295,2.404,5.086,3.809,0.1003,0.6842,1.022,0.571,-0.765,1.294,-0.6941,1
"214",11.58,1.81,3.534,3.373,2.876,1.921,2.813,2.544,2.236,1.692,1.606,1.487,1.065,-216.8,18.71,3.206,3.213,5.627,4.682,-0.5326,0.3106,1.122,0.8997,-1.547,1.504,-0.6808,1
"215",10.17,1.836,3.167,3.525,2.074,1.837,2.116,2.202,1.873,1.255,1.202,1.418,0.8688,-232.6,17.91,0.8798,0.449,7.344,4.614,-2.377,1.824,-0.1736,1.695,-1.687,1.076,-0.5266,1
"216",12.85,1.912,3.208,3.38,1.845,1.633,2.044,2.088,1.67,1.453,1.186,1.446,1.037,-227.5,19.23,1.744,-0.6853,2.095,0.8279,-0.1123,3.157,-3.054,-0.8496,1.659,0.2865,-0.6791,1
"217",8.067,1.679,2.581,2.932,1.791,1.569,1.999,1.793,1.931,1.225,1.106,1.313,0.8691,-238.4,15.67,-1.793,-1.974,9.212,5.22,-4.707,2.509,-0.4441,2.918,-2.448,1.241,-0.2451,1
"218",12.24,1.36,2.248,2.35,1.915,1.602,1.716,1.898,1.698,1.295,1.226,1.357,0.9435,-232.6,19.26,3.06,1.86,3.672,2.63,0.1513,1.49,-0.5355,-0.09833,0.1667,0.8007,-0.5996,1
"219",15.31,1.672,2.87,2.918,2.627,1.751,2.334,2.056,2.012,1.421,1.458,1.471,1.011,-231,18.86,2.342,1.571,5.46,3.699,-0.7245,1.635,-0.7845,0.4861,-0.265,1.233,-0.9612,1
"220",15.2,2.5,2.988,3.077,2.842,2.149,1.894,2.028,2.051,1.662,1.532,1.642,0.8956,-239,17.26,0.07608,-1.12,6.136,3.091,-2.386,2.221,-1.073,0.8691,-1.529,-0.08998,-0.3325,1
"221",11.14,1.614,3.015,3.044,2.172,1.639,2.149,1.952,1.96,1.24,1.234,1.301,0.8385,-225.3,18.35,1.463,0.7902,5.618,4.384,-0.2401,2.318,-0.7125,-0.01188,-0.4714,1.953,-0.6642,1
"222",9.789,1.346,2.457,2.452,1.985,1.684,1.848,1.804,1.648,1.136,1.34,1.235,0.8704,-223.2,19.61,3.392,2.644,4.409,3.739,0.2948,1.36,0.4473,-0.01307,-1.455,0.4482,-0.2796,1
"223",9.602,1.71,2.344,2.273,2.223,1.787,1.614,1.716,1.435,1.323,1.248,1.382,0.8745,-215.2,16.38,-3.358,-2.947,9.948,5.725,-6.023,3.726,-1.843,3.498,-2.955,1.368,-0.8703,1
"224",16.97,1.666,2.446,2.673,1.848,1.52,1.846,1.863,1.94,1.25,1.183,1.375,0.9736,-216,16.51,-3.52,-4.3,7.226,3.777,-3.96,4.858,-3.535,1.5,-0.8368,1.528,-0.7713,1
"225",9.844,1.736,2.764,2.995,2.055,1.663,1.945,2.024,1.877,1.295,1.204,1.369,0.8944,-236.5,17,-0.08855,-0.3884,7.46,4.676,-2.5,2.186,-0.3912,1.828,-1.251,1.696,-0.7133,1
"226",23.28,1.537,2.911,2.993,2.017,1.708,2.115,2.267,2.147,1.298,1.249,1.44,0.9632,-224,19.61,3.188,1.43,2.071,1.801,1.161,2.522,-0.8841,-0.6418,0.7827,0.1738,-0.6061,1
"227",13.83,2.189,3.318,3.29,2.629,1.824,2.422,2.191,2.035,1.45,1.432,1.41,0.8639,-232.7,18.16,4.3,4.124,6.767,4.915,-1.065,-0.9459,2.976,2.187,-2.959,0.7735,-0.2922,0
"228",11.15,1.805,2.125,2.383,1.927,1.68,1.721,1.77,1.566,1.282,1.273,1.354,0.937,-231.7,16.55,-2.138,-3.023,7.368,3.2,-5.098,2.567,-2.079,2.126,-2.223,0.2141,-0.3493,1
"229",13.2,1.482,2.4,2.4,1.959,1.634,1.803,1.871,1.69,1.313,1.349,1.324,0.8961,-229.1,19.73,4.03,3.004,3.388,2.951,0.8916,1.105,0.1979,-0.1346,0.02022,0.691,-0.6485,0
"230",11.72,1.682,2.658,2.888,1.908,1.6,2.021,2.057,2.015,1.404,1.169,1.456,0.9822,-227.2,18.25,0.1411,-0.9694,5.028,3.408,-0.5788,3.871,-2.141,-0.01933,-0.07119,0.8763,-1.155,1
"231",10.48,1.752,2.981,2.971,2.047,1.74,1.913,2.165,1.675,1.239,1.338,1.357,0.9011,-218.5,19.52,3.013,2.168,4.141,3.272,-0.27,1.425,0.2085,0.1505,-1.44,0.2056,-0.1742,0
"232",13.64,1.639,2.571,2.782,2.228,1.918,2.106,1.934,2.046,1.344,1.328,1.512,0.9208,-218.5,17.32,-1.031,-1.083,7.865,4.815,-3.598,2.567,-1.179,1.933,-2.019,1.483,-0.4874,1
"233",8.15,1.535,2.091,2.253,1.814,1.495,1.75,1.632,1.431,1.267,1.146,1.228,0.8631,-234.1,18.09,1.442,1.24,7.265,4.606,-2.621,0.9214,0.2376,1.747,-2.627,0.7684,-0.1951,1
"234",9.646,1.83,2.448,2.663,2.096,1.822,1.636,1.789,1.55,1.263,1.27,1.433,0.947,-229.6,16.35,-3.001,-4.319,7.22,4.053,-2.486,4.991,-3.593,0.07719,-0.6536,1.726,-0.7905,1
"235",15.15,1.452,2.723,2.854,2.178,1.839,2.117,2.139,2.061,1.258,1.298,1.354,0.862,-219.1,19.21,4.24,3.954,4.992,4.888,1.696,0.8505,1.439,-0.04113,-0.895,1.572,-1.012,0
"236",12.55,1.558,2.775,2.718,2.081,1.668,2.171,2.006,2.016,1.347,1.249,1.438,0.9661,-234.4,18.15,2.148,0.7851,3.741,2.73,0.1486,1.99,-0.2248,0.1298,-0.2501,0.7666,-0.6283,1
"237",14.49,1.857,3.201,3.334,2.249,1.826,2.398,2.112,2.165,1.472,1.32,1.584,1.015,-235.4,18.49,2.398,0.7706,3.909,2.65,0.3243,2.075,-0.8551,-0.08102,0.5449,1.002,-0.8984,1
"238",15.27,1.971,2.827,2.901,2.138,1.686,2.012,2.182,1.918,1.431,1.447,1.365,0.902,-233,19.37,5.762,4.317,2.623,2.666,1.785,-0.3427,1.354,-0.3751,-0.2493,0.6815,-0.6197,0
"239",11.99,1.93,2.725,2.786,2.389,1.94,1.809,2.141,1.734,1.435,1.329,1.506,0.9605,-221.5,17.62,-1.048,-1.578,6.844,3.962,-3.216,3.293,-1.906,1.623,-0.8635,1.217,-0.7943,1
"240",11.36,2.168,3.084,3.135,2.002,1.598,2.033,2.067,1.729,1.374,1.282,1.448,0.9211,-220.4,17.61,0.7899,0.7355,6.332,4.627,-1.519,1.66,0.4642,1.278,-2.023,1.326,-0.6197,1
"241",12.52,1.639,2.549,2.568,2.209,1.831,1.925,1.811,1.743,1.255,1.261,1.508,0.9314,-232.4,19.41,3.926,2.712,3.769,2.857,0.3922,0.8759,0.2974,0.07097,-0.2644,0.5195,-0.5092,0
"242",16.08,1.774,2.856,2.926,2.384,1.871,1.95,2.033,1.825,1.35,1.348,1.421,0.9526,-226.1,17.96,0.5128,-0.1417,6.121,3.576,-2.262,1.925,-0.9064,1.132,-1.519,0.9596,-0.3623,1
"243",22.42,1.801,3.673,3.561,2.454,1.805,2.625,2.537,2.201,1.724,1.389,1.632,0.9967,-219.1,19.2,2.806,1.712,3.749,2.728,-0.03331,1.594,-0.5224,0.1429,-0.108,0.5235,-0.8243,0
"244",16.5,1.517,2.987,2.814,2.383,1.684,2.282,2.081,1.828,1.443,1.325,1.306,0.9249,-228.6,20.68,7.56,6.028,1.668,2.166,2.329,-1.197,1.565,-0.6444,-0.09701,0.2702,-0.3879,1
"245",12.66,1.787,2.702,2.699,2.461,1.662,2.148,1.843,1.607,1.545,1.329,1.328,0.8951,-233.1,18.54,1.552,1.162,6.303,4.119,-1.551,1.511,-0.3206,1.008,-1.411,0.9427,-0.4968,1
"246",8.217,1.398,2.19,2.474,1.677,1.644,1.803,1.767,1.989,1.195,1.161,1.436,0.8758,-226.6,16.34,-1.382,-1.631,6.863,4.424,-2.529,2.794,-0.5944,1.546,-1.413,1.846,-0.5823,1
"247",11.86,1.868,2.58,2.736,1.951,1.65,1.903,1.847,1.903,1.292,1.214,1.372,0.8972,-245.5,17.6,3.944,1.75,3.081,2.434,1.252,1.125,0.7587,-0.1732,0.2568,0.8414,-0.5898,1
"248",42.88,1.857,2.217,2.333,1.943,1.634,1.668,1.826,1.537,1.229,1.244,1.273,0.9344,-233.4,18.05,1.751,0.6042,4.614,3.646,0.4527,2.197,-0.9197,-0.5257,-0.09093,1.704,-1.042,1
"249",11.27,1.697,2.883,2.905,2.328,1.91,2.591,2.003,2.253,1.461,1.409,1.444,0.9163,-227.6,18.49,3.177,3.141,6.183,4.974,-0.4145,0.7238,1.761,1.351,-1.654,1.258,-0.7391,1
"250",17.17,1.349,2.726,2.791,2.051,1.764,2.202,2.06,2.069,1.197,1.289,1.227,0.8219,-213,20.77,6.482,5.496,2.161,3.396,3.382,0.229,1.383,-1.458,0.0637,0.9396,-0.5762,0
"251",12.53,1.867,2.495,2.485,2.656,2.264,1.703,2.012,1.543,1.508,1.298,1.779,1.014,-207.3,18.4,0.06142,-0.6138,4.232,2.306,-2.298,2.825,-1.937,0.8499,-0.1737,0.3667,-1.011,1
"252",7.45,1.324,2.003,2.175,1.559,1.386,1.678,1.731,1.57,1.208,1.144,1.22,0.8826,-231.3,18.48,2.357,2.158,6.209,4.599,-1.175,1.057,0.745,1.449,-1.515,1.148,-0.7219,1
"253",21.3,1.455,3.083,3.324,2.023,1.803,2.308,2.267,2.232,1.374,1.263,1.367,0.9148,-229.3,19.12,2.517,1.119,3.259,2.05,-0.3805,1.769,-0.5238,0.2737,-0.02061,0.1391,-0.3554,0
"254",12.77,1.674,2.434,2.54,2.412,1.879,1.894,1.792,1.689,1.348,1.315,1.458,0.8785,-225.4,17.93,-0.5759,-1.169,6.429,3.68,-2.829,3.074,-1.241,1.739,-1.137,0.7804,-0.3966,1
"255",9.27,1.192,1.842,2.147,1.82,1.573,1.705,1.635,1.787,1.194,1.171,1.343,0.8996,-226.3,17.96,-0.143,-0.5566,7.701,4.751,-2.757,2.549,-1.796,1.181,-1.351,1.706,-0.6097,1
"256",11.09,1.817,2.988,3.156,1.95,1.674,2.011,2.153,1.891,1.312,1.225,1.367,0.9173,-230.9,17.44,0.1204,-0.5418,6.114,4.266,-0.7325,3.001,-0.8875,0.54,-0.5365,1.772,-0.7505,1
"257",11.77,1.804,3.105,3.323,2.288,1.758,2.295,2.357,2.399,1.401,1.2,1.536,0.8873,-237.1,16.98,0.4749,-0.2336,6.345,4.025,-1.91,1.972,0.2521,1.513,-1.309,1.107,-0.4133,1
"258",9.351,1.481,2.622,2.918,1.905,1.625,1.932,1.996,1.746,1.253,1.215,1.269,0.8433,-235.1,17.66,0.04397,-0.5773,6.63,4.237,-1.973,3.126,-0.2502,1.16,-1.763,0.5091,-0.196,1
"259",8.715,1.696,2.655,2.942,1.868,1.577,2.008,1.843,1.919,1.203,1.126,1.348,0.909,-226.8,15.39,-3.214,-2.815,10.62,6.576,-4.872,3.642,-1.445,2.695,-2.622,2.415,-0.767,1
"260",11.98,1.731,2.465,2.537,2.255,1.777,1.777,1.797,1.527,1.302,1.239,1.44,0.9616,-232.2,17.52,-0.04491,-1.125,6.259,3.949,-1.62,3.212,-1.569,0.6696,-0.3069,1.526,-0.8973,1
"261",21.22,1.775,3.077,3.299,2.543,1.861,2.287,2.412,2.328,1.614,1.496,1.46,0.9563,-213.8,17.72,-1.366,-1.934,7.193,3.874,-3.742,3.419,-2.281,1.722,-1.459,0.7693,-0.6838,1
"262",12.18,1.295,2.541,2.786,1.749,1.647,1.959,1.909,1.833,1.416,1.274,1.35,1.014,-226.7,19.82,2.426,0.5442,2.473,1.386,0.2287,2.85,-1.637,-0.2328,0.9115,0.0704,-0.213,1
"263",11.81,2.123,2.598,2.568,2.332,1.864,1.803,2.001,1.629,1.307,1.347,1.358,0.9637,-240,17.59,4.814,4.203,6.009,4.73,0.2045,-0.7258,2.76,1.08,-2.039,1.182,-0.3908,1
"264",10.46,1.853,2.765,2.938,1.754,1.456,1.946,2.046,1.845,1.225,1.25,1.274,0.8543,-245.8,18.61,6.695,4.89,4.01,3.766,2.15,-0.6162,1.913,-0.4313,-1.154,0.7413,-0.3304,0
"265",14.18,1.489,2.2,2.294,2.003,1.725,1.818,1.952,2.082,1.519,1.401,1.393,1.032,-234.8,17.44,0.5177,0.4356,7.169,4.92,-2.105,2.159,0.568,2.039,-1.85,1.397,-0.3464,1
"266",9.488,1.414,2.366,2.418,2.282,1.509,2.062,1.708,1.666,1.26,1.223,1.28,0.9016,-236.2,18.87,2.46,1.527,5.139,3.85,0.1144,1.969,-0.6393,0.02517,-0.2424,1.248,-0.836,0
"267",11.8,1.682,2.555,2.652,2.268,1.935,2.068,2.14,2.023,1.335,1.338,1.53,0.9311,-221.5,17.57,-0.08929,-0.7974,5.46,3.912,-0.9667,3.309,-0.9226,0.8337,-0.4791,1.477,-0.9746,1
"268",12.26,1.409,3.106,3.303,2.031,1.606,2.466,2.184,2.193,1.263,1.317,1.266,0.8465,-224.6,19,2.053,1.508,5.585,4.212,-0.5472,2.231,0.3143,0.8202,-1.377,0.6716,-0.3705,1
"269",13.73,1.285,2.824,2.808,1.812,1.467,2.055,2.114,1.71,1.344,1.178,1.311,0.9003,-234.5,19.49,3.504,2.021,3.313,2.518,0.6004,1.47,-0.7046,-0.3325,0.2498,0.6652,-0.6797,1
"270",12.01,1.321,2.764,2.709,1.91,1.527,2.007,2.052,1.95,1.23,1.254,1.344,0.8649,-222,21.63,8.4,6.944,1.235,2.145,3.101,-1.489,1.376,-1.503,-0.01852,0.06521,-0.3013,0
"271",11.58,1.407,2.527,2.583,1.904,1.595,1.896,1.997,1.789,1.184,1.31,1.287,0.8333,-222.3,20,3.635,2.893,4.233,3.714,0.6004,1.541,0.1494,-0.2628,-1.101,0.3373,-0.494,0
"272",15.25,1.55,2.998,2.902,2.092,1.509,2.141,1.916,2.1,1.213,1.191,1.311,0.8676,-230.8,19.11,2.736,1.359,4.018,2.794,0.0127,1.673,-0.9713,-0.2074,-0.2232,0.6946,-0.692,1
"273",12.64,1.611,2.584,2.923,1.967,1.947,1.994,1.904,1.982,1.227,1.266,1.416,0.9275,-225.8,16.68,-2.29,-3.512,6.929,4.671,-2.175,5.252,-2.688,-0.05678,-1.233,1.097,-0.8108,1
"274",19.21,1.746,3.322,3,3.245,2.181,2.932,2.165,2.187,1.66,1.763,1.707,1.039,-217.4,20.05,4.933,4.176,3.683,3.187,0.6544,0.07035,0.6706,0.0714,-0.5963,0.7456,-0.3828,0
"275",13.29,1.465,2.408,2.286,2.152,1.805,1.862,1.853,1.556,1.317,1.374,1.473,0.8819,-214.3,19.84,3.373,2.92,4.621,3.877,0.04383,0.9773,0.01082,-0.3429,-1.526,0.4688,-0.3509,1
"276",11.1,1.662,2.671,2.758,2.267,1.638,2.079,1.818,1.76,1.397,1.231,1.427,0.9406,-226,17.95,-0.1567,-0.9702,6.315,3.711,-2.333,2.549,-1.821,1.224,-0.4975,1.754,-0.5421,1
"277",14.22,1.213,2.473,2.516,2.205,1.749,2.014,1.854,1.889,1.312,1.457,1.35,0.9174,-226.9,19.96,4.012,3.093,3.716,2.98,0.515,0.9432,0.04165,0.0501,-0.2394,0.4759,-0.6632,1
"278",11.51,1.457,2.424,2.467,2.001,1.532,1.859,2.058,1.657,1.343,1.252,1.335,0.8738,-232,18.95,3.29,2.678,5.338,3.943,-0.7354,0.3476,0.3166,0.701,-1.12,1.059,-0.6863,1
"279",12.41,1.82,3.506,3.964,1.794,1.761,2.588,2.466,2.513,1.291,1.276,1.379,0.9091,-226.3,17.3,-1.111,-2.284,5.581,3.521,-1.856,3.983,-1.946,-0.1125,-1.333,0.4351,-0.2794,1
"280",14.18,1.552,3.307,3.685,1.967,1.955,2.677,2.254,2.454,1.344,1.237,1.458,0.9823,-231,18.8,2.843,1.784,4.154,3.09,0.06311,1.277,0.1674,0.433,-0.1136,0.9503,-0.5933,1
"281",31.55,1.757,2.394,2.422,1.811,1.391,1.683,1.96,1.586,1.229,1.12,1.361,0.9178,-235.2,17.96,1.727,1.027,5.42,3.814,-0.7431,1.488,-0.3848,0.4121,-1.134,0.981,-0.9918,1
"282",13.72,1.57,2.573,2.523,2.215,1.684,1.986,1.939,1.649,1.305,1.365,1.381,0.9591,-228.3,19.17,2.761,1.468,3.052,2.277,0.3181,1.967,-0.09539,0.1316,-0.2975,0.2303,-0.2816,1
"283",21.99,1.843,4.325,4.564,2.323,1.892,2.645,3.596,2.927,1.448,1.368,1.546,1.025,-222.4,19.44,3.387,2.102,3.056,2.769,1.227,2.181,0.1304,-0.1225,0.3568,0.5664,-0.6813,0
"284",13.49,1.891,3.513,3.64,2.457,1.751,2.575,2.215,2.105,1.416,1.323,1.433,0.9075,-223.3,19.08,2.265,1.757,5.911,3.822,-1.609,1.178,-0.07961,1.453,-1.201,0.7683,-0.3791,1
"285",12.03,1.48,2.685,2.679,1.891,1.574,1.805,1.901,1.605,1.24,1.155,1.276,0.9204,-240.9,19.93,4.396,2.279,2.117,1.601,1.409,1.6,-0.7066,-0.8243,0.7631,0.01082,-0.4762,0
"286",16.34,1.638,2.526,2.842,2.622,2.297,2.046,2.055,2.018,1.421,1.53,1.647,1.034,-224.1,17.83,-0.6867,-1.358,6.544,3.548,-3.109,3.133,-1.359,1.826,-1.231,0.602,-0.4341,1
"287",11.05,1.425,2.605,2.677,2.148,1.81,1.826,2.09,1.84,1.169,1.481,1.262,0.8968,-214.3,19.75,4.184,4.091,5.326,4.746,0.8298,0.2848,0.6706,-0.2668,-1.633,1.127,-0.8448,0
"288",14.52,1.562,2.661,2.906,2.126,1.705,2.095,1.894,1.906,1.315,1.257,1.381,1.01,-233.7,18.98,1.87,0.1686,3.257,2.072,0.1095,2.795,-1.316,-0.3003,0.4615,0.378,-0.3916,1
"289",10.96,1.347,2.957,2.924,2.242,1.879,1.982,2.407,2.047,1.215,1.303,1.487,0.8939,-230.4,20.53,6.118,4.523,1.823,2.48,2.842,0.6068,0.4392,-1.39,0.4321,0.5562,-0.5939,0
"290",15.72,1.309,2.582,2.763,2.454,2.23,1.795,2.293,1.815,1.298,1.677,1.554,1.016,-224.4,20.27,4.692,3.043,2.149,1.825,1.329,1.255,-0.05652,-0.2973,0.6024,0.06319,-0.5026,0
"291",9.152,1.483,2.66,2.943,1.733,1.529,1.855,2.03,1.607,1.311,1.146,1.242,0.898,-241.5,19.05,3.047,1.658,4.506,2.992,0.02453,1.585,-0.1983,0.09634,-0.4531,0.2831,-0.5286,1
"292",11.21,1.508,2.554,2.678,1.971,1.63,1.956,1.912,1.82,1.344,1.35,1.345,0.9314,-231.9,19.57,3.254,1.798,3.09,1.927,-0.04143,1.465,-0.1251,0.205,-0.3504,-0.1613,0.007636,1
"293",9.44,1.439,2.551,2.446,1.909,1.644,1.746,2.025,1.589,1.302,1.279,1.29,0.8719,-220.4,20.66,6.543,5.774,3.08,3.638,2.43,-0.6385,1.516,-0.9336,-0.7941,0.7728,-0.4484,0
"294",16.86,1.446,3.122,3.005,1.996,1.642,2.303,2.258,2.138,1.304,1.231,1.311,0.9185,-224.5,19.36,4.539,3.426,2.92,2.688,0.9898,0.3202,0.8615,-0.01038,-0.4697,0.5971,-0.6648,0
"295",10.08,1.384,2.647,2.92,1.624,1.58,1.959,1.956,1.914,1.259,1.205,1.245,0.869,-230.8,19.13,1.922,0.355,3.384,2.552,0.3422,3.272,-0.7986,-0.5531,-0.2921,-0.1569,-0.393,1
"296",21.15,1.44,2.914,3.159,1.901,1.856,1.782,2.51,1.842,1.311,1.186,1.44,0.9682,-223.4,20.66,4.583,2.575,1.2,0.3963,0.3927,1.034,-0.5127,-0.2095,1.063,-0.7544,-0.1397,1
"297",12.36,1.688,3.335,3.406,2.239,1.668,2.392,2.378,2.132,1.436,1.214,1.459,0.8869,-212.7,19.3,2.822,2.589,5.764,4.182,-1.124,0.611,0.1571,1.067,-1.287,1.182,-0.6162,1
"298",10.11,1.328,2.398,2.482,1.907,1.576,1.714,1.97,1.655,1.183,1.315,1.276,0.8242,-219.9,20.26,5.206,4.876,4.469,4.128,1.084,-0.4776,1.051,-0.2742,-1.164,1.203,-0.3169,0
"299",14.15,1.194,2.247,2.229,2.031,1.677,1.879,1.759,1.716,1.249,1.308,1.317,0.9102,-229.2,20.79,5.846,4.493,2.317,2.559,2.165,0.6363,0.3227,-0.8246,0.2745,0.26,-0.7319,0
"300",19.25,1.624,3.028,3.224,2.081,1.843,2.113,2.276,2.164,1.263,1.289,1.389,0.9778,-237.8,18.62,2.074,0.6846,4.517,2.583,-0.613,2.142,-0.3374,0.6169,-0.5725,-0.136,-0.4551,1
"301",10.86,1.657,2.33,2.364,2.425,2.22,1.834,2.063,1.834,1.366,1.426,1.553,1.231,-252.2,18.32,4.727,2.635,3.137,1.955,0.5872,0.2047,0.8814,0.031,-0.1436,0.09849,0.08087,0
"302",14.94,1.604,2.579,2.647,1.935,1.57,1.907,1.873,1.767,1.348,1.237,1.398,0.9714,-242.7,18.84,2.815,0.8546,2.936,1.961,0.7965,2.251,-1.095,-0.6892,0.5964,0.2739,-0.6809,0
"303",32.49,1.999,3.289,3.089,2.862,1.891,2.424,2.211,1.782,1.658,1.813,1.419,0.9455,-204.5,20.05,3.387,1.942,2.419,1.681,0.318,1.814,-0.5166,-0.05214,0.1848,-0.4273,-0.5841,1
"304",18.77,1.601,2.628,2.376,3.468,3.43,2.115,2.169,1.636,1.609,2.031,2.202,1.236,-226.5,19.35,3.107,1.412,3.113,1.049,-1.77,0.5836,-0.4912,1.213,0.3148,-0.4131,-0.05119,0
"305",7.771,1.46,2.332,2.617,1.671,1.466,1.954,1.803,1.821,1.276,1.162,1.336,0.897,-230,15.8,-2.878,-3.059,8.954,5.153,-4.419,3.496,-1.479,2.353,-2.36,1.614,-0.4633,1
"306",13.78,1.737,2.62,2.668,1.962,1.516,2.032,1.856,1.765,1.296,1.282,1.267,0.8951,-244.2,18.6,4.996,4.099,5.095,4.124,0.7793,-0.1356,2.036,0.667,-1.345,0.6583,-0.489,1
"307",10.12,1.621,2.317,2.318,2.225,1.834,1.734,1.877,1.534,1.391,1.335,1.384,0.9482,-218.3,16.65,-3.438,-4.497,6.561,3.437,-3.511,5.4,-3.785,0.9899,-0.7023,0.8413,-0.9395,1
"308",19.34,1.936,2.951,2.966,2.812,1.937,2.51,2.166,2.109,1.663,1.619,1.587,0.9221,-216.2,19.22,2.491,1.309,3.451,2.835,0.6577,2.577,-0.4882,-0.04555,0.1178,0.6908,-0.6462,1
"309",21.27,1.845,3.975,4.222,2.514,2.188,2.149,3.797,2.812,1.536,1.56,1.638,1.073,-222.2,19.09,2.857,1.141,2.61,2.232,1.077,2.798,-0.8846,-0.4888,0.538,0.2793,-0.795,0
"310",13.82,1.729,3.269,3.356,2.196,1.804,2.17,2.558,2.013,1.447,1.379,1.406,0.9053,-220.5,19.7,3.757,2.986,4.178,3.452,0.3521,0.8358,0.3519,0.0823,-0.8186,0.7103,-0.541,0
"311",17.82,1.291,2.448,2.369,2.155,1.777,1.884,2.006,1.762,1.297,1.478,1.422,0.884,-214.9,21.6,9.439,8.182,0.8813,2.367,3.865,-2.246,2.541,-1.275,0.2042,0.3733,-0.4478,0
"312",9.097,1.493,2.136,2.125,1.994,1.491,1.687,1.69,1.5,1.3,1.161,1.349,0.9723,-234.3,17.72,0.672,-0.3383,5.043,3.287,-0.8849,2.408,-1.248,0.3364,-0.1773,1.315,-0.9273,1
"313",11.44,1.684,3.003,2.888,2.355,1.727,2.197,2.111,1.782,1.409,1.364,1.417,0.9082,-232.5,19.41,4.421,3.66,4.686,3.648,0.1208,0.04918,0.8181,0.5108,-0.8846,0.7406,-0.7463,1
"314",11.19,0.8272,1.756,1.839,1.506,1.483,1.481,1.485,1.383,1.247,1.24,1.231,0.8487,-131.3,21.87,5.489,3.053,-0.6315,-0.6356,1.509,1.58,-0.7025,-0.8063,1.588,-1.792,-0.183,1
"315",10.81,0.7794,1.651,1.718,1.406,1.396,1.374,1.502,1.276,1.253,1.072,1.153,0.9345,-139.5,22.11,5.889,3.567,-0.2031,-0.3262,1.274,0.8756,-0.7896,-1.036,1.325,-1.636,-0.11,1
"316",8.747,1.535,2.249,2.4,1.667,1.499,1.691,1.773,1.703,1.237,1.233,1.293,0.9407,-234.6,17.63,1.171,0.6217,5.448,3.758,-1.214,1.763,0.7748,1.437,-1.203,1.031,-0.3322,1
"317",24.17,1.749,3.549,3.635,2.228,1.713,2.366,2.533,2.214,1.315,1.253,1.374,0.9118,-221.3,20.25,5.099,3.236,1.407,1.533,2.031,1.299,-0.05633,-0.8456,0.7799,-0.02059,-0.6659,1
"318",12.55,1.668,2.428,2.526,2.035,1.684,1.791,1.889,1.686,1.266,1.359,1.242,0.87,-231.5,18.59,4.282,3.705,5.699,4.301,-0.415,-0.522,1.972,1.285,-2.482,0.7061,-0.2013,1
"319",13.31,1.606,2.617,2.662,2.017,1.686,1.954,2.1,1.972,1.251,1.314,1.335,0.9326,-226.7,19.5,4.27,3.042,2.616,2.649,1.778,1.361,0.4279,-0.5747,0.05391,0.5927,-0.7043,1
"320",33.51,2.578,3.371,2.743,3.434,2.394,2.668,1.939,1.893,1.964,1.899,1.765,0.9218,-197.7,21.46,9.771,8.627,0.7144,2.417,4.122,-2.639,3.387,-1.211,0.2865,0.3424,-0.5147,1
"321",9.229,1.492,2.221,2.47,1.811,1.584,1.937,1.751,1.761,1.279,1.3,1.258,0.8899,-244.2,18.44,3.208,2.144,5.439,3.528,-0.6397,0.6642,0.6201,0.8508,-1.211,0.4361,-0.4712,1
"322",12.36,1.278,2.157,2.157,1.918,1.602,1.788,1.802,1.73,1.198,1.273,1.341,0.9317,-230.9,20.61,6.139,5,2.295,2.951,2.892,0.7089,1.17,-0.6906,0.4399,0.6327,-0.7804,1
"323",11.5,1.605,2.189,2.377,1.794,1.512,1.739,1.794,1.748,1.289,1.211,1.252,0.9009,-237.3,17.3,2.365,1.558,5.292,4.099,-0.1059,1.129,1.31,0.8241,-1.047,1.19,-0.7394,0
"324",12.66,1.764,3.143,3.088,2.439,1.901,2.168,2.269,1.985,1.352,1.425,1.462,0.963,-221.2,19.55,3.928,3.468,4.525,3.608,0.1141,0.191,0.931,0.5027,-1.039,0.9693,-0.2067,1
"325",11.39,1.517,2.993,3.037,2.254,1.656,2.212,2.226,2.138,1.268,1.196,1.36,0.8898,-227.5,18.38,2.079,2.157,7.303,5.214,-1.924,0.6119,-0.004917,1.174,-1.92,1.644,-0.5475,0
"326",16.1,1.527,2.646,2.768,2.173,1.551,2.091,2.2,2.181,1.536,1.411,1.525,0.9862,-234.2,19.6,3.347,1.267,1.913,1.549,1.348,2.622,-1.387,-0.9246,1.252,0.3299,-0.6586,1
"327",13.01,1.686,2.81,2.952,2.125,1.664,2.124,1.973,1.96,1.408,1.186,1.505,0.9367,-221,18.19,0.1715,-0.524,5.749,3.43,-2.103,2.449,-1.286,1.148,-0.7779,1.275,-0.3032,1
"328",18.43,1.432,3.039,3.228,2.198,1.871,2.085,2.772,2.414,1.316,1.441,1.472,0.8688,-218.5,20.45,6.836,5.721,2.115,3.078,3.146,-0.2681,1.436,-1.077,-0.001145,0.6623,-0.9505,0
"329",11.56,1.35,2.182,2.086,2.504,2.497,1.827,1.867,1.631,1.35,1.583,1.593,1.111,-240.4,19.99,5.43,3.548,2.206,1.607,1.076,0.3324,0.5154,-0.08834,0.4505,-0.044,-0.1206,0
"330",8.822,1.445,1.851,1.899,1.656,1.384,1.574,1.385,1.247,1.294,1.199,1.197,0.9605,-250.7,17.63,0.8474,-1.564,3.113,0.7035,-1.056,2.449,-1.397,0.009368,0.2828,-0.6865,-0.1163,0
"331",15.08,1.453,2.497,2.635,2.095,1.762,1.975,2.029,2.378,1.751,1.407,1.343,0.9298,-224.6,18.55,1.762,1.591,6.378,4.185,-2.419,0.736,-0.05811,1.421,-1.957,0.8476,-0.335,1
"332",9.39,1.651,2.084,1.907,2.181,1.775,1.679,1.927,1.536,1.361,1.252,1.306,1.017,-238.5,18.6,4.46,3.023,3.366,2.736,0.5344,0.0249,1.215,0.2988,-0.5528,0.7331,-0.3972,0
"333",11.68,1.471,2.437,2.584,1.869,1.476,1.813,1.734,1.527,1.295,1.191,1.287,0.9012,-232,18.57,1.127,0.06911,5.543,3.428,-1.324,2.207,-1.263,0.6584,-0.4096,1.219,-0.4206,1
"334",14.39,1.609,2.834,3.014,1.969,1.671,2.124,2.103,1.905,1.456,1.327,1.454,1.039,-238.9,18.33,1.515,-0.03777,3.532,2.123,-0.3234,2.733,-0.7081,0.3289,0.1089,0.1215,-0.426,0
"335",14.27,1.85,3.411,3.5,2.503,1.814,2.502,2.391,2.248,1.548,1.304,1.534,0.965,-238.9,17.79,1.827,0.4864,4.842,3.135,-0.5066,1.773,-0.3063,0.4904,-0.1945,1.016,-0.6655,1
"336",11.75,1.761,2.672,2.654,2.382,1.898,2.005,1.951,1.625,1.307,1.362,1.411,0.8584,-222.5,18.15,2.886,3.203,7.437,5.923,-0.6498,0.1816,1.275,1.005,-2.553,1.694,-0.7732,1
"337",23.7,1.585,2.746,2.838,2.603,2.122,2.07,2.1,2.012,1.304,1.422,1.506,0.9228,-213,19.63,4.253,3.676,4.169,3.875,1.258,0.8523,0.8265,0.0008792,-0.3735,1.149,-0.9303,0
"338",11.22,1.535,2.732,2.844,2.028,1.636,2.012,2.103,1.697,1.432,1.328,1.482,1.028,-227.3,19,1.379,0.1782,4.148,2.227,-1.547,2.304,-0.978,0.9882,-0.1875,0.1986,-0.3433,1
"339",16.93,2.008,3.371,3.362,2.636,1.883,2.341,2.244,1.944,1.58,1.554,1.302,0.9561,-221,20.97,7.234,6.011,1.891,2.647,2.994,-0.3291,1.895,-0.7841,-0.05707,0.03023,-0.4358,1
"340",10.77,1.745,2.189,2.11,2.043,1.638,1.856,1.632,1.421,1.327,1.263,1.322,0.938,-241.1,18.64,3.666,2.337,4.214,2.813,-0.168,0.5795,0.7608,0.6162,-0.8478,0.1952,-0.4019,0
"341",12.3,2.11,3.208,3.337,2.379,1.822,2.197,2.25,2.063,1.418,1.195,1.571,0.9522,-223.2,16.54,-1.734,-2.267,7.437,4.482,-2.777,3.421,-1.851,1.253,-1.141,1.962,-0.8429,1
"342",16.11,1.157,2.319,2.261,1.878,1.539,1.815,1.953,1.701,1.259,1.29,1.29,0.845,-226.1,20.97,6.472,5.104,2.036,2.564,2.526,0.1847,0.4886,-1.118,0.2509,0.3398,-0.6615,0
"343",17.24,1.034,2.331,2.494,2.037,1.894,2.027,2.053,1.918,1.648,1.462,1.698,1.039,-196.9,20.49,3.678,2.017,1.49,1.261,1.174,2.648,-0.5851,0.03573,1.209,-0.5974,-1.269,1
"344",9.395,1.397,2.726,3.034,1.716,1.563,2.032,1.931,1.881,1.294,1.222,1.277,0.9187,-236.6,18.73,1.571,0.3073,4.607,2.405,-1.243,2.003,-0.6193,0.8166,-0.7728,-0.03746,-0.06329,1
"345",7.709,1.407,2.501,2.694,1.766,1.533,1.742,1.968,1.592,1.254,1.242,1.276,0.8867,-231.7,19.54,3.119,1.756,3.291,2.102,-0.0009324,1.838,0.1981,0.5834,-0.353,-0.3331,-0.3349,1
"346",14.13,2.211,3.272,3.37,2.563,1.854,2.179,2.211,1.89,1.354,1.139,1.581,0.9374,-227,18.2,1.417,0.9507,5.816,3.572,-1.846,1.57,-1.04,0.8309,-0.2806,1.157,-1.24,1
"347",13.75,0.8921,1.947,2.231,1.702,1.775,1.626,1.791,1.467,1.235,1.36,1.257,1.018,-129.7,21.59,4.616,1.906,-0.5226,-1.044,0.738,1.991,-1.625,-0.811,2.151,-1.697,0.1423,1
"348",7.326,1.508,1.951,2.111,1.916,1.716,1.523,1.651,1.333,1.297,1.302,1.443,0.9395,-232.6,16.7,-2.1,-3.127,7.19,3.843,-3.304,3.801,-2.306,1.612,-1.056,1.197,-0.8014,1
"349",14.13,1.972,3.477,3.551,2.237,1.663,2.319,2.207,2.059,1.26,1.189,1.374,0.9379,-237.5,20.06,6.352,4.402,1.665,1.659,2.092,0.08045,1.174,-0.4339,0.3934,-0.06517,-0.5345,1
"350",15.77,1.32,2.201,2.254,1.852,1.548,2.01,1.792,1.572,1.668,1.244,1.378,0.9743,-212.7,20.13,2.551,1.266,3.119,1.808,-0.4983,2.522,-0.5436,0.8149,0.1749,-0.8317,-0.9291,1
"351",13.94,1.56,2.94,2.752,2.052,1.591,2.042,1.996,1.779,1.256,1.196,1.3,0.8994,-232.5,19.58,4.821,3.222,2.363,2.314,1.668,0.8039,0.09433,-0.6657,0.2779,0.6315,-0.8316,0
"352",17.57,1.637,3.312,3.29,2.549,1.903,2.529,2.421,2.104,1.418,1.424,1.463,0.9329,-221,19.47,3.047,2.234,4.314,2.919,-0.8241,0.9498,-0.1727,0.6539,-0.6733,0.3652,-0.4893,0
"353",8.493,1.214,2.214,2.253,1.654,1.423,1.692,1.748,1.526,1.158,1.259,1.102,0.8317,-215.6,19.77,2.758,2.538,5.588,4.308,-1.016,1.407,0.1156,0.5721,-2.231,0.1969,-0.2748,0
"354",8.806,1.493,2.485,2.625,1.867,1.576,1.792,1.783,1.565,1.284,1.135,1.411,1.002,-225.6,17.99,-0.6538,-1.845,5.783,2.775,-3.02,2.817,-2.443,1.247,-0.3108,1.177,-0.08547,1
"355",13.63,2.084,2.548,2.496,2.065,1.791,1.883,1.862,1.688,1.247,1.199,1.373,0.9662,-240.9,19.08,5.251,3.639,2.955,2.761,1.793,0.4898,1.034,-0.3013,0.02543,0.5836,-0.682,0
"356",10.33,1.523,2.588,2.752,1.866,1.564,1.871,1.781,1.767,1.233,1.197,1.296,0.9486,-227.4,18.24,0.3665,-0.3987,5.819,3.473,-1.805,2.731,-1.042,1.215,-0.7337,0.9478,-0.2735,1
"357",11.95,1.321,2.79,2.891,2.038,1.798,2.266,1.961,2.18,1.266,1.348,1.346,0.8889,-223.6,20.78,6.521,5.963,3.353,3.569,2.019,-0.3951,2.174,0.1572,-0.3857,0.6215,-0.4735,1
"358",9.592,1.587,2.605,2.777,2.124,1.677,2.049,1.917,1.95,1.291,1.255,1.358,0.9026,-221.7,17.82,1.289,1.172,6.935,5.156,-1.486,1.487,0.3152,1.394,-1.529,1.959,-0.8259,1
"359",11.6,1.756,2.913,2.908,1.92,1.607,2.038,2.042,1.898,1.27,1.257,1.282,0.912,-241.1,18.52,4.851,3.757,4.863,3.915,0.7799,0.1166,1.946,0.4759,-1.738,0.4009,-0.147,0
"360",11.34,1.591,2.677,2.876,2.201,1.803,2.063,2.069,2.034,1.368,1.382,1.395,0.8781,-226.8,17.87,0.7419,0.5065,6.887,4.686,-1.799,1.971,-0.1019,1.491,-1.589,1.364,-0.6436,1
"361",14.96,1.553,3.027,3.127,2.369,1.911,2.204,2.334,2.044,1.386,1.339,1.479,0.9007,-219.3,18.92,1.794,1.171,5.264,3.72,-1.042,2.031,-0.05309,0.9616,-1.173,0.6322,-0.5289,0
"362",13.21,1.54,2.833,3.036,2.163,1.595,2.349,1.884,1.86,1.456,1.437,1.304,0.9491,-233.4,19.11,2.232,1.18,5.267,3.135,-1.125,1.569,-0.3438,0.8174,-1.108,0.2131,-0.2053,1
"363",15.78,2.155,3.332,3.407,2.518,1.997,2.166,2.298,2.203,1.392,1.443,1.598,0.948,-211.8,17.82,0.3608,0.2188,6.304,4.339,-1.943,2.063,-0.7753,1.162,-1.419,1.432,-0.9523,1
"364",10.64,1.521,2.558,2.71,1.757,1.469,1.758,1.923,1.651,1.269,1.244,1.309,0.8965,-238.3,19.27,3.364,1.88,3.832,2.803,0.7194,1.552,-0.5443,-0.3639,-0.03587,0.5709,-0.7053,1
"365",11.36,1.392,2.802,3.01,1.861,1.605,2.04,2.226,1.853,1.29,1.262,1.262,0.8616,-231.6,18.93,2.4,2.071,5.827,4.156,-0.9423,1.411,0.4235,1.067,-1.813,0.3851,-0.5498,1
"366",9.202,1.455,2.442,2.554,1.986,1.556,1.936,1.744,1.64,1.359,1.246,1.347,0.898,-224.9,18.55,1.799,1.332,5.679,3.921,-1.189,1.526,-0.06455,1.252,-0.84,1.353,-0.6283,1
"367",12.91,1.597,2.964,3.183,1.99,1.648,1.93,2.251,1.81,1.225,1.239,1.341,0.8862,-235.7,18.79,2.307,1.168,5.069,3.337,-0.5482,1.799,-0.4037,0.4782,-0.5119,0.6698,-0.5705,1
"368",14.11,1.583,2.739,2.793,2.234,1.723,1.902,1.997,1.956,1.317,1.395,1.418,0.9795,-241,20.07,5.296,3.469,2.967,2.093,0.8675,0.4817,0.5136,-0.09033,-0.1597,-0.2183,-0.1762,1
"369",11.15,1.478,2.681,2.719,2.067,1.577,2.182,1.864,1.927,1.285,1.293,1.27,0.8903,-223.5,19.38,5.002,4.433,4.468,3.663,-0.4094,-1.53,1.594,0.7166,-1.326,1.344,0.1079,1
"370",14.05,1.531,2.837,2.885,2.21,1.704,1.961,2.045,1.997,1.276,1.397,1.288,0.9768,-231.9,19.26,3.413,1.678,2.572,2.313,1.594,2.442,-0.4261,-0.629,0.4949,0.4192,-0.6586,1
"371",12.01,1.788,2.906,2.94,2.112,1.708,2.148,2.021,2.051,1.27,1.246,1.414,0.8944,-215.1,17.21,0.9438,1.027,6.531,5.345,-1.014,1.544,0.7048,1.041,-1.617,2.362,-0.9571,1
"372",10.7,1.647,2.7,2.923,2.183,1.701,2.153,1.756,1.942,1.253,1.316,1.344,0.9048,-221.7,16.83,-1.539,-1.653,8.244,4.859,-3.579,3.03,-0.8042,2.493,-2.152,1.562,-0.2617,1
"373",14.27,1.968,3.052,2.821,2.362,1.74,2.352,1.973,2.072,1.384,1.421,1.263,0.9794,-240.3,18.65,5.907,4.493,4.076,3.624,1.453,-0.2148,2.126,0.2861,-1.097,0.5742,-0.4625,1
"374",8.225,1.74,2.256,2.379,1.828,1.529,1.61,1.7,1.575,1.15,1.131,1.392,0.9358,-215.1,15.43,-3.185,-3.251,8.861,6.231,-2.638,4.175,-2.132,1.278,-1.393,3.829,-1.505,1
"375",11.73,1.194,2.509,2.603,2.057,1.696,2.151,1.874,1.933,1.349,1.352,1.253,0.916,-222,20.05,4.361,3.966,4.331,3.47,0.1944,0.4901,1.252,0.9428,-0.8701,0.3108,-0.5324,1
"376",9.683,1.825,2.954,2.896,2.398,1.667,2.097,2.059,1.69,1.477,1.305,1.395,1.003,-233.9,18.99,2.68,1.841,5.206,3.515,-0.6294,1.283,-0.2225,0.6846,-0.6659,0.8105,-0.6349,1
"377",9.124,1.324,2.154,2.184,1.629,1.404,1.835,1.697,1.707,1.257,1.144,1.275,0.8675,-231.8,18.6,3.512,2.809,4.2,3.821,0.8884,0.7953,0.779,-0.03797,-0.7178,1.161,-1.095,1
"378",13.76,1.75,3.447,3.283,2.596,1.829,2.417,2.707,2.124,1.512,1.497,1.598,1.013,-220.8,18.72,2.953,2.652,5.236,4.228,-0.3631,0.803,0.5546,0.6112,-1.438,1.123,-0.7591,1
"379",15.44,1.692,2.54,2.526,2.087,1.716,1.93,1.918,1.869,1.387,1.394,1.415,0.9342,-235.3,19.03,3.713,2.026,2.029,1.703,0.9073,1.331,0.2415,-0.027,0.5407,0.3508,-0.6231,1
"380",24.02,2.23,3.142,2.981,3.342,2.738,2.47,2.148,1.828,2.025,2.076,1.849,0.9802,-206.2,19.35,2.826,1.787,3.266,2.472,0.173,1.926,0.2607,0.5828,-0.2374,-0.01456,-0.7342,1
"381",9.572,1.467,2.88,2.554,2.429,1.673,2.137,2.113,1.838,1.434,1.359,1.397,0.9547,-234.2,19.31,5.885,5.089,4.317,3.964,1.258,-0.8624,1.648,0.01274,-1.207,1.016,-0.7612,1
"382",9.152,1.557,2.87,2.895,1.977,1.613,1.9,2.166,1.786,1.179,1.231,1.386,0.8952,-215.9,18.91,1.463,1.282,5.864,4.205,-1.667,1.688,-0.6768,0.9721,-1.302,1.29,-0.4192,1
"383",10.69,1.693,2.811,2.953,2.206,1.635,2.106,1.804,1.882,1.278,1.334,1.293,0.8961,-232.8,18.32,0.8726,0.3174,6.247,3.417,-3.02,1.598,-0.1652,1.938,-1.662,0.1852,-0.05546,1
"384",12.11,2.222,3.183,3.485,2.198,1.686,2.168,2.026,1.826,1.331,1.281,1.398,0.8945,-242.3,17.26,0.9309,0.09001,6.519,3.998,-1.527,1.696,0.1198,1.228,-1.57,0.7387,-0.3198,1
"385",6.033,1.313,2.092,2.177,1.396,1.301,1.713,1.6,1.614,1.202,1.157,1.245,0.8338,-243,19.14,4.537,3.192,3.439,2.953,1.383,0.9974,1.239,0.0456,-0.553,0.1938,-0.6369,0
"386",10.52,1.492,2.36,2.279,2.072,1.745,1.69,1.836,1.545,1.288,1.298,1.336,0.9745,-239.3,20.23,6.469,4.457,1.698,1.844,2.282,0.2542,0.6282,-0.873,0.04093,-0.3178,-0.724,0
"387",10.12,1.683,2.798,2.817,2.047,1.732,1.853,2.474,1.65,1.459,1.274,1.5,0.9618,-240.8,18.96,2.681,1.261,4.538,2.438,-0.9901,0.8854,-0.908,-0.1057,-0.9063,-0.4806,-0.8062,1
"388",8.908,1.749,2.842,3.005,1.973,1.513,1.912,2.072,1.618,1.388,1.282,1.261,0.9073,-225.2,17.7,-0.869,-1.167,7.301,4.192,-3.308,2.908,-1.343,1.94,-1.77,0.8908,-0.4175,1
"389",12.99,1.803,3.209,3.377,2.376,1.991,2.222,2.357,2.219,1.371,1.354,1.563,0.9655,-212.9,17.87,-0.5421,-0.8491,6.41,3.836,-2.87,2.899,-1.078,1.89,-1.236,1.032,-0.6392,1
"390",16.88,1.856,3.126,3.247,2.081,1.654,2.378,2.182,2.088,1.409,1.279,1.369,0.9198,-227.8,19.23,5.049,4.025,3.701,3.315,1.082,-0.1013,1.442,0.1681,-0.4974,0.8897,-0.6624,1
"391",9.847,1.688,3.154,3.249,2.075,1.653,1.94,2.294,1.83,1.25,1.231,1.333,0.9523,-226.8,19.9,4.24,3.522,4.816,3.525,-0.3216,-0.1537,0.2423,0.2945,-1.075,0.6784,-0.2013,1
"392",9.134,1.257,2.12,2.289,1.691,1.387,1.751,1.704,1.581,1.245,1.313,1.229,0.952,-230.7,18.87,1.022,0.1592,4.869,2.918,-1.449,2.807,-0.6532,1.092,-0.892,0.0581,-0.1479,1
"393",14.05,1.363,2.691,2.988,1.691,1.608,2.034,2.244,2.127,1.229,1.146,1.266,0.861,-236.3,17.96,1.808,0.8326,5.18,3.355,-0.8287,1.562,0.1851,0.7819,-0.9329,0.6034,-0.6016,0
"394",35.01,1.573,2.644,2.562,2.152,1.566,1.964,1.845,1.713,1.238,1.249,1.312,0.9045,-234.1,20.46,6.557,4.967,1.843,2.308,2.68,0.1231,0.9897,-0.9109,0.1567,0.2176,-0.7072,1
"395",14.28,1.145,2.214,2.512,1.464,1.573,1.561,1.965,1.676,1.354,1.355,1.177,0.9252,-136.9,19.1,-1.043,-3.974,0.6419,-1.51,-1.833,6.214,-3.549,0.5128,1.633,-2.585,-0.07066,1
"396",13.71,1.981,3.01,3.003,2.067,1.661,1.858,2.259,1.677,1.388,1.295,1.431,0.9244,-226,19.43,4.002,3.289,4.084,3.054,-0.229,0.2141,1.168,0.6989,-1.422,0.01289,-0.392,1
"397",9.716,1.593,2.858,2.961,1.714,1.659,2.255,1.904,2.233,1.229,1.229,1.388,0.9129,-249.2,17.54,4.093,2.78,5.098,3.925,0.6553,0.4444,1.92,0.6394,-0.8977,0.8651,-0.5189,1
"398",7.786,1.664,2.468,2.631,1.679,1.362,1.78,1.895,1.523,1.272,1.206,1.285,0.8719,-233.9,18.18,2.083,1.281,5.595,3.913,-0.7662,1.171,0.0841,0.8332,-1.203,1.061,-0.6554,1
"399",13.72,1.958,3.34,3.556,2.529,2.194,2.304,2.383,2.212,1.498,1.472,1.578,1.067,-211.8,18,-0.197,-0.8497,5.832,3.318,-2.927,2.319,-1.578,1.399,-1.059,0.8989,-0.6523,1
"400",17.72,1,2.446,2.6,1.844,1.705,1.719,2.185,1.638,1.23,1.265,1.353,0.8964,-150.8,23.15,8.768,6.094,-1.733,-1.366,2.042,-1.415,0.2081,-1.586,1.735,-2.215,0.4845,1
"401",11.76,1.609,3.027,3.258,1.957,1.448,2.13,2.224,1.985,1.297,1.196,1.251,0.9003,-233.4,18.51,1.999,1.712,6.92,4.554,-2.056,1.144,0.4475,1.722,-1.838,0.872,-0.1102,0
"402",16.92,1.668,2.594,2.624,2.156,1.701,1.976,2.084,1.93,1.426,1.454,1.467,0.9991,-229.6,19.64,3.046,1.071,2.298,1.741,1.144,2.793,-1.618,-0.8395,1.238,0.308,-0.827,1
"403",14.35,1.229,2.094,2.098,2.275,1.903,1.851,1.782,1.635,1.521,1.455,1.367,0.9559,-210.5,19.02,-0.09648,-0.4586,5.723,3.379,-2.581,3.375,-1.535,1.379,-0.9922,-0.1545,-1.025,1
"404",13.74,1.358,2.735,2.851,2.096,1.712,2.08,2.263,2.137,1.223,1.351,1.417,0.8921,-225.9,19.7,5.886,4.891,2.927,3.623,2.968,0.3129,1.523,-0.7371,0.08666,1.278,-0.9826,1
"405",11.44,1.498,2.002,2.001,1.919,1.578,1.737,1.554,1.617,1.167,1.26,1.253,0.8652,-234.4,17.89,2.549,2.041,4.913,4.052,-0.07828,1.11,1.19,0.8048,-1.092,1.169,-0.8421,0
"406",9.835,1.422,2.712,2.791,2.024,1.614,1.928,2.185,1.708,1.289,1.296,1.338,0.9149,-230.9,18.91,2.338,2.033,6.531,4.69,-0.8663,1.383,-0.2205,0.7255,-1.525,1.026,-0.7865,0
"407",15.82,1.523,2.859,2.854,2.126,1.567,2.458,1.997,1.921,1.391,1.3,1.274,0.8851,-223.8,19.18,3.447,2.965,4.831,3.844,-0.01187,0.5279,0.2906,0.2487,-1.014,0.9922,-0.8673,0
"408",11.47,1.697,2.332,2.354,1.952,1.542,1.964,1.5,1.588,1.224,1.191,1.192,0.9105,-248.1,18.01,4.421,3.056,4.686,3.699,1.164,0.6061,1.413,0.1665,-0.7862,0.8798,-0.5196,0
"409",13.7,1.523,2.848,2.972,2.203,1.673,2.215,2.009,2.128,1.258,1.298,1.33,0.8924,-223.1,18.57,2.493,2.305,6.2,4.712,-0.5196,0.9951,0.4545,0.9319,-1.249,1.617,-0.9184,0
